2026-06-11 22:57:18,998 [INFO] Stage 1: collecting winners. Already have 0/543.
2026-06-11 22:57:18,998 [INFO] [1/543] Fetching constituency listing: https://www.myneta.info/LokSabha2024/index.php?action=show_candidates&constituency_id=1
2026-06-11 22:57:20,442 [INFO]   ✓ Winner: Gumma Thanuja Rani (id=5099)
2026-06-11 22:57:20,442 [INFO]   ↳ sleeping 18.3s
2026-06-11 22:57:38,749 [INFO] [2/543] Fetching constituency listing: https://www.myneta.info/LokSabha2024/index.php?action=show_candidates&constituency_id=2
2026-06-11 22:57:39,496 [INFO]   ✓ Winner: Kinjarapu Rammohan Naidu (id=6620)
2026-06-11 22:57:39,497 [INFO]   ↳ sleeping 15.6s
2026-06-11 22:57:55,055 [INFO] [3/543] Fetching constituency listing: https://www.myneta.info/LokSabha2024/index.php?action=show_candidates&constituency_id=3
2026-06-11 22:57:55,800 [INFO]   ✓ Winner: Appalanaidu Kalisetti (id=5132)
2026-06-11 22:57:55,800 [INFO]   ↳ sleeping 18.0s
2026-06-11 22:58:13,801 [INFO] [4/543] Fetching constituency listing: https://www.myneta.info/LokSabha2024/index.php?action=show_candidates&constituency_id=4
2026-06-11 22:58:14,690 [INFO]   ✓ Winner: Sribharat Mathukumili (id=5130)
2026-06-11 22:58:14,690 [INFO]   ↳ sleeping 17.6s
2026-06-11 22:58:56,384 [INFO] Stage 1: collecting winners. Already have 4/543.
2026-06-11 22:58:56,384 [INFO] [5/543] Fetching constituency listing: https://www.myneta.info/LokSabha2024/index.php?action=show_candidates&constituency_id=5
2026-06-11 22:58:57,150 [INFO]   ✓ Winner: C.M.Ramesh (id=5268)
2026-06-11 22:58:57,150 [INFO]   ↳ sleeping 18.2s
2026-06-11 22:59:15,370 [INFO] [6/543] Fetching constituency listing: https://www.myneta.info/LokSabha2024/index.php?action=show_candidates&constituency_id=6
2026-06-11 22:59:16,086 [INFO]   ✓ Winner: Tangella Uday Srinivas (Tea Time Uday) (id=5302)
2026-06-11 22:59:16,087 [INFO]   ↳ sleeping 18.5s
2026-06-11 22:59:34,547 [INFO] [7/543] Fetching constituency listing: https://www.myneta.info/LokSabha2024/index.php?action=show_candidates&constituency_id=7
2026-06-11 22:59:35,988 [INFO]   ✓ Winner: G M Harish (Balayogi) (id=5300)
2026-06-11 22:59:35,989 [INFO]   ↳ sleeping 17.4s
2026-06-11 22:59:53,435 [INFO] [8/543] Fetching constituency listing: https://www.myneta.info/LokSabha2024/index.php?action=show_candidates&constituency_id=8
2026-06-11 22:59:54,911 [INFO]   ✓ Winner: Daggubati Purandheshwari (id=5122)
2026-06-11 22:59:54,912 [INFO]   ↳ sleeping 15.4s
2026-06-11 23:00:10,343 [INFO] [9/543] Fetching constituency listing: https://www.myneta.info/LokSabha2024/index.php?action=show_candidates&constituency_id=9
2026-06-11 23:00:11,851 [INFO]   ✓ Winner: Bhupathi Raju Srinivasa Varma (id=5273)
2026-06-11 23:00:11,851 [INFO]   ↳ sleeping 14.6s
2026-06-11 23:00:26,468 [INFO] [10/543] Fetching constituency listing: https://www.myneta.info/LokSabha2024/index.php?action=show_candidates&constituency_id=10
2026-06-11 23:00:28,012 [INFO]   ✓ Winner: Putta Mahesh Kumar (id=5105)
2026-06-11 23:00:28,013 [INFO]   ↳ sleeping 11.1s
2026-06-11 23:00:39,101 [INFO] [11/543] Fetching constituency listing: https://www.myneta.info/LokSabha2024/index.php?action=show_candidates&constituency_id=11
2026-06-11 23:00:39,890 [INFO]   ✓ Winner: Balashowry Vallabhaneni (id=6657)
2026-06-11 23:00:39,891 [INFO]   ↳ sleeping 10.2s
2026-06-11 23:00:50,062 [INFO] [12/543] Fetching constituency listing: https://www.myneta.info/LokSabha2024/index.php?action=show_candidates&constituency_id=12
2026-06-11 23:00:51,546 [INFO]   ✓ Winner: Kesineni Sivanath (Chinni) (id=5128)
2026-06-11 23:00:51,547 [INFO]   ↳ sleeping 13.2s
2026-06-11 23:01:04,704 [INFO] [13/543] Fetching constituency listing: https://www.myneta.info/LokSabha2024/index.php?action=show_candidates&constituency_id=13
2026-06-11 23:01:06,180 [INFO]   ✓ Winner: Dr Chandra Sekhar Pemmasani (id=5106)
2026-06-11 23:01:06,181 [INFO]   ↳ sleeping 17.0s
2026-06-11 23:01:23,169 [INFO] [14/543] Fetching constituency listing: https://www.myneta.info/LokSabha2024/index.php?action=show_candidates&constituency_id=14
2026-06-11 23:01:24,604 [INFO]   ✓ Winner: Lavu Srikrishna Devarayalu (id=5116)
2026-06-11 23:01:24,605 [INFO]   ↳ sleeping 19.5s
2026-06-11 23:01:44,066 [INFO] [15/543] Fetching constituency listing: https://www.myneta.info/LokSabha2024/index.php?action=show_candidates&constituency_id=15
2026-06-11 23:01:45,221 [WARNING]   No winner found for constituency 15
2026-06-11 23:01:45,222 [INFO]   ↳ sleeping 10.2s
2026-06-11 23:01:55,412 [INFO] [16/543] Fetching constituency listing: https://www.myneta.info/LokSabha2024/index.php?action=show_candidates&constituency_id=16
2026-06-11 23:01:56,148 [INFO]   ✓ Winner: Krishna Prasad Tenneti (id=5102)
2026-06-11 23:01:56,149 [INFO]   ↳ sleeping 11.4s
2026-06-11 23:02:07,540 [INFO] [17/543] Fetching constituency listing: https://www.myneta.info/LokSabha2024/index.php?action=show_candidates&constituency_id=17
2026-06-11 23:02:09,102 [INFO]   ✓ Winner: Magunta Sreenivasulu Reddy (id=5120)
2026-06-11 23:02:09,103 [INFO]   ↳ sleeping 15.2s
2026-06-11 23:02:24,266 [INFO] [18/543] Fetching constituency listing: https://www.myneta.info/LokSabha2024/index.php?action=show_candidates&constituency_id=18
2026-06-11 23:02:25,977 [INFO]   ✓ Winner: Dr Byreddy Shabari (id=5114)
2026-06-11 23:02:25,978 [INFO]   ↳ sleeping 12.9s
2026-06-11 23:02:38,892 [INFO] [19/543] Fetching constituency listing: https://www.myneta.info/LokSabha2024/index.php?action=show_candidates&constituency_id=19
2026-06-11 23:02:40,404 [INFO]   ✓ Winner: Bastipati Nagaraju Panchalingala (id=6787)
2026-06-11 23:02:40,405 [INFO]   ↳ sleeping 19.6s
2026-06-11 23:03:00,056 [INFO] [20/543] Fetching constituency listing: https://www.myneta.info/LokSabha2024/index.php?action=show_candidates&constituency_id=20
2026-06-11 23:03:03,296 [INFO]   ✓ Winner: Ambica G Lakshminarayana Valmiki (id=5097)
2026-06-11 23:03:03,297 [INFO]   ↳ sleeping 13.6s
2026-06-11 23:03:16,934 [INFO] [21/543] Fetching constituency listing: https://www.myneta.info/LokSabha2024/index.php?action=show_candidates&constituency_id=21
2026-06-11 23:03:18,444 [INFO]   ✓ Winner: B K Parthasarathi (id=5109)
2026-06-11 23:03:18,445 [INFO]   ↳ sleeping 16.9s
2026-06-11 23:03:35,374 [INFO] [22/543] Fetching constituency listing: https://www.myneta.info/LokSabha2024/index.php?action=show_candidates&constituency_id=22
2026-06-11 23:03:36,852 [INFO]   ✓ Winner: Y. S. Avinash Reddy (id=5111)
2026-06-11 23:03:36,853 [INFO]   ↳ sleeping 15.2s
2026-06-11 23:03:52,042 [INFO] [23/543] Fetching constituency listing: https://www.myneta.info/LokSabha2024/index.php?action=show_candidates&constituency_id=23
2026-06-11 23:03:53,484 [INFO]   ✓ Winner: Prabhakar Reddy Vemireddy (id=5118)
2026-06-11 23:03:53,485 [INFO]   ↳ sleeping 17.1s
2026-06-11 23:04:10,563 [INFO] [24/543] Fetching constituency listing: https://www.myneta.info/LokSabha2024/index.php?action=show_candidates&constituency_id=24
2026-06-11 23:04:12,022 [INFO]   ✓ Winner: Gurumoorthy Maddila (id=5125)
2026-06-11 23:04:12,023 [INFO]   ↳ sleeping 11.4s
2026-06-11 23:04:23,441 [INFO] [25/543] Fetching constituency listing: https://www.myneta.info/LokSabha2024/index.php?action=show_candidates&constituency_id=25
2026-06-11 23:04:25,837 [INFO]   ✓ Winner: P V Midhun Reddy (id=5123)
2026-06-11 23:04:25,838 [INFO]   ↳ sleeping 11.6s
2026-06-11 23:04:37,406 [INFO] [26/543] Fetching constituency listing: https://www.myneta.info/LokSabha2024/index.php?action=show_candidates&constituency_id=26
2026-06-11 23:04:38,904 [INFO]   ✓ Winner: Daggumalla Prasada Rao (id=5104)
2026-06-11 23:04:38,905 [INFO]   ↳ sleeping 18.4s
2026-06-11 23:04:57,346 [INFO] [27/543] Fetching constituency listing: https://www.myneta.info/LokSabha2024/index.php?action=show_candidates&constituency_id=27
2026-06-11 23:04:58,553 [WARNING]   No winner found for constituency 27
2026-06-11 23:04:58,554 [INFO]   ↳ sleeping 14.3s
2026-06-11 23:05:12,822 [INFO] [28/543] Fetching constituency listing: https://www.myneta.info/LokSabha2024/index.php?action=show_candidates&constituency_id=28
2026-06-11 23:05:13,972 [INFO]   ✓ Winner: Kiren Rijiju (id=251)
2026-06-11 23:05:13,973 [INFO]   ↳ sleeping 12.2s
2026-06-11 23:05:26,143 [INFO] [29/543] Fetching constituency listing: https://www.myneta.info/LokSabha2024/index.php?action=show_candidates&constituency_id=29
2026-06-11 23:05:27,290 [INFO]   ✓ Winner: Tapir Gao (id=257)
2026-06-11 23:05:27,290 [INFO]   ↳ sleeping 16.5s
2026-06-11 23:05:43,747 [INFO] [30/543] Fetching constituency listing: https://www.myneta.info/LokSabha2024/index.php?action=show_candidates&constituency_id=30
2026-06-11 23:05:45,186 [INFO]   ✓ Winner: Kamakhya Prasad Tasa (id=732)
2026-06-11 23:05:45,187 [INFO]   ↳ sleeping 11.1s
2026-06-11 23:05:56,253 [INFO] [31/543] Fetching constituency listing: https://www.myneta.info/LokSabha2024/index.php?action=show_candidates&constituency_id=31
2026-06-11 23:05:56,967 [INFO]   ✓ Winner: Ranjit Dutta (id=741)
2026-06-11 23:05:56,968 [INFO]   ↳ sleeping 19.8s
2026-06-11 23:06:16,745 [INFO] [32/543] Fetching constituency listing: https://www.myneta.info/LokSabha2024/index.php?action=show_candidates&constituency_id=32
2026-06-11 23:06:17,910 [INFO]   ✓ Winner: Pradan Baruah (id=239)
2026-06-11 23:06:17,910 [INFO]   ↳ sleeping 15.9s
2026-06-11 23:06:33,831 [INFO] [33/543] Fetching constituency listing: https://www.myneta.info/LokSabha2024/index.php?action=show_candidates&constituency_id=33
2026-06-11 23:06:34,972 [INFO]   ✓ Winner: Sarbananda Sonowal (id=259)
2026-06-11 23:06:34,973 [INFO]   ↳ sleeping 18.3s
2026-06-11 23:06:53,308 [INFO] [34/543] Fetching constituency listing: https://www.myneta.info/LokSabha2024/index.php?action=show_candidates&constituency_id=34
2026-06-11 23:06:54,449 [INFO]   ✓ Winner: Gaurav Gogoi (id=260)
2026-06-11 23:06:54,450 [INFO]   ↳ sleeping 19.1s
2026-06-11 23:07:13,543 [INFO] [35/543] Fetching constituency listing: https://www.myneta.info/LokSabha2024/index.php?action=show_candidates&constituency_id=35
2026-06-11 23:07:14,699 [INFO]   ✓ Winner: Dilip Saikia (id=2753)
2026-06-11 23:07:14,700 [INFO]   ↳ sleeping 18.2s
2026-06-11 23:07:32,882 [INFO] [36/543] Fetching constituency listing: https://www.myneta.info/LokSabha2024/index.php?action=show_candidates&constituency_id=36
2026-06-11 23:07:34,024 [INFO]   ✓ Winner: Amarsing Tisso (id=1924)
2026-06-11 23:07:34,025 [INFO]   ↳ sleeping 15.5s
2026-06-11 23:07:49,491 [INFO] [37/543] Fetching constituency listing: https://www.myneta.info/LokSabha2024/index.php?action=show_candidates&constituency_id=37
2026-06-11 23:07:51,005 [INFO]   ✓ Winner: Kripanath Mallah (id=2206)
2026-06-11 23:07:51,006 [INFO]   ↳ sleeping 17.6s
2026-06-11 23:08:08,578 [INFO] [38/543] Fetching constituency listing: https://www.myneta.info/LokSabha2024/index.php?action=show_candidates&constituency_id=38
2026-06-11 23:08:09,775 [INFO]   ✓ Winner: Parimal Suklabaidya (id=2210)
2026-06-11 23:08:09,776 [INFO]   ↳ sleeping 10.7s
2026-06-11 23:08:20,491 [INFO] [39/543] Fetching constituency listing: https://www.myneta.info/LokSabha2024/index.php?action=show_candidates&constituency_id=39
2026-06-11 23:08:21,234 [INFO]   ✓ Winner: Pradyut Bordoloi (id=2763)
2026-06-11 23:08:21,235 [INFO]   ↳ sleeping 14.7s
2026-06-11 23:08:35,977 [INFO] [40/543] Fetching constituency listing: https://www.myneta.info/LokSabha2024/index.php?action=show_candidates&constituency_id=40
2026-06-11 23:08:37,163 [INFO]   ✓ Winner: Joyanta Basumatary (id=3672)
2026-06-11 23:08:37,164 [INFO]   ↳ sleeping 16.2s
2026-06-11 23:08:53,316 [INFO] [41/543] Fetching constituency listing: https://www.myneta.info/LokSabha2024/index.php?action=show_candidates&constituency_id=41
2026-06-11 23:08:54,793 [INFO]   ✓ Winner: Rakibul Hussain (id=4100)
2026-06-11 23:08:54,795 [INFO]   ↳ sleeping 17.0s
2026-06-11 23:09:11,812 [INFO] [42/543] Fetching constituency listing: https://www.myneta.info/LokSabha2024/index.php?action=show_candidates&constituency_id=42
2026-06-11 23:09:13,284 [INFO]   ✓ Winner: Phani Bhusan Choudhury (id=4099)
2026-06-11 23:09:13,286 [INFO]   ↳ sleeping 17.7s
2026-06-11 23:09:30,972 [INFO] [43/543] Fetching constituency listing: https://www.myneta.info/LokSabha2024/index.php?action=show_candidates&constituency_id=43
2026-06-11 23:09:32,116 [INFO]   ✓ Winner: Bijuli Kalita Medhi (id=4548)
2026-06-11 23:09:32,117 [INFO]   ↳ sleeping 17.3s
2026-06-11 23:09:49,373 [INFO] [44/543] Fetching constituency listing: https://www.myneta.info/LokSabha2024/index.php?action=show_candidates&constituency_id=44
2026-06-11 23:09:50,552 [WARNING]   No winner found for constituency 44
2026-06-11 23:09:50,553 [INFO]   ↳ sleeping 12.0s
2026-06-11 23:10:02,515 [INFO] [45/543] Fetching constituency listing: https://www.myneta.info/LokSabha2024/index.php?action=show_candidates&constituency_id=45
2026-06-11 23:10:03,666 [INFO]   ✓ Winner: Abhay Kumar Sinha (id=1702)
2026-06-11 23:10:03,667 [INFO]   ↳ sleeping 11.2s
2026-06-11 23:10:14,889 [INFO] [46/543] Fetching constituency listing: https://www.myneta.info/LokSabha2024/index.php?action=show_candidates&constituency_id=46
2026-06-11 23:10:16,313 [INFO]   ✓ Winner: Jitan Ram Manjhi (id=1678)
2026-06-11 23:10:16,314 [INFO]   ↳ sleeping 15.2s
2026-06-11 23:10:31,482 [INFO] [47/543] Fetching constituency listing: https://www.myneta.info/LokSabha2024/index.php?action=show_candidates&constituency_id=47
2026-06-11 23:10:32,664 [INFO]   ✓ Winner: Vivek Thakur (id=1695)
2026-06-11 23:10:32,665 [INFO]   ↳ sleeping 16.5s
2026-06-11 23:10:49,215 [INFO] [48/543] Fetching constituency listing: https://www.myneta.info/LokSabha2024/index.php?action=show_candidates&constituency_id=48
2026-06-11 23:10:50,382 [INFO]   ✓ Winner: Arun Bharti (id=1681)
2026-06-11 23:10:50,382 [INFO]   ↳ sleeping 14.9s
2026-06-11 23:11:05,267 [INFO] [49/543] Fetching constituency listing: https://www.myneta.info/LokSabha2024/index.php?action=show_candidates&constituency_id=49
2026-06-11 23:11:06,696 [INFO]   ✓ Winner: Mohammad Jawed (id=2240)
2026-06-11 23:11:06,698 [INFO]   ↳ sleeping 18.0s
2026-06-11 23:11:24,689 [INFO] [50/543] Fetching constituency listing: https://www.myneta.info/LokSabha2024/index.php?action=show_candidates&constituency_id=50
2026-06-11 23:11:25,829 [INFO]   ✓ Winner: Tariq Anwar (id=2239)
2026-06-11 23:11:25,830 [INFO]   ↳ sleeping 14.5s
2026-06-11 23:11:40,366 [INFO] [51/543] Fetching constituency listing: https://www.myneta.info/LokSabha2024/index.php?action=show_candidates&constituency_id=51
2026-06-11 23:11:41,594 [INFO]   ✓ Winner: Rajesh Ranjan Alias Pappu Yadav (id=2710)
2026-06-11 23:11:41,596 [INFO]   ↳ sleeping 12.1s
2026-06-11 23:11:53,681 [INFO] [52/543] Fetching constituency listing: https://www.myneta.info/LokSabha2024/index.php?action=show_candidates&constituency_id=52
2026-06-11 23:11:54,871 [INFO]   ✓ Winner: Ajay Kumar Mandal (id=1930)
2026-06-11 23:11:54,872 [INFO]   ↳ sleeping 12.7s
2026-06-11 23:12:07,554 [INFO] [53/543] Fetching constituency listing: https://www.myneta.info/LokSabha2024/index.php?action=show_candidates&constituency_id=53
2026-06-11 23:12:09,028 [INFO]   ✓ Winner: Giridhari Yadav (id=2229)
2026-06-11 23:12:09,029 [INFO]   ↳ sleeping 16.0s
2026-06-11 23:12:25,018 [INFO] [54/543] Fetching constituency listing: https://www.myneta.info/LokSabha2024/index.php?action=show_candidates&constituency_id=54
2026-06-11 23:12:26,492 [INFO]   ✓ Winner: Ramprit Mandal (id=3437)
2026-06-11 23:12:26,493 [INFO]   ↳ sleeping 16.2s
2026-06-11 23:12:42,671 [INFO] [55/543] Fetching constituency listing: https://www.myneta.info/LokSabha2024/index.php?action=show_candidates&constituency_id=55
2026-06-11 23:12:44,119 [INFO]   ✓ Winner: Dileshwar Kamait (id=3589)
2026-06-11 23:12:44,120 [INFO]   ↳ sleeping 14.6s
2026-06-11 23:12:58,743 [INFO] [56/543] Fetching constituency listing: https://www.myneta.info/LokSabha2024/index.php?action=show_candidates&constituency_id=56
2026-06-11 23:12:59,931 [INFO]   ✓ Winner: Pradeep Kumar Singh (id=3627)
2026-06-11 23:12:59,933 [INFO]   ↳ sleeping 14.4s
2026-06-11 23:13:14,361 [INFO] [57/543] Fetching constituency listing: https://www.myneta.info/LokSabha2024/index.php?action=show_candidates&constituency_id=57
2026-06-11 23:13:15,506 [INFO]   ✓ Winner: Dinesh Chandra Yadav (id=3423)
2026-06-11 23:13:15,507 [INFO]   ↳ sleeping 11.7s
2026-06-11 23:13:27,178 [INFO] [58/543] Fetching constituency listing: https://www.myneta.info/LokSabha2024/index.php?action=show_candidates&constituency_id=58
2026-06-11 23:13:28,426 [INFO]   ✓ Winner: Rajesh Verma (id=3633)
2026-06-11 23:13:28,427 [INFO]   ↳ sleeping 10.5s
2026-06-11 23:13:38,914 [INFO] [59/543] Fetching constituency listing: https://www.myneta.info/LokSabha2024/index.php?action=show_candidates&constituency_id=59
2026-06-11 23:13:39,609 [WARNING]   No winner found for constituency 59
2026-06-11 23:13:39,610 [INFO]   ↳ sleeping 10.4s
2026-06-11 23:13:50,023 [INFO] [60/543] Fetching constituency listing: https://www.myneta.info/LokSabha2024/index.php?action=show_candidates&constituency_id=60
2026-06-11 23:13:51,232 [INFO]   ✓ Winner: Gopal Jee Thakur (id=5055)
2026-06-11 23:13:51,232 [INFO]   ↳ sleeping 14.5s
2026-06-11 23:14:05,743 [INFO] [61/543] Fetching constituency listing: https://www.myneta.info/LokSabha2024/index.php?action=show_candidates&constituency_id=61
2026-06-11 23:14:06,892 [INFO]   ✓ Winner: Nityanand Rai (id=5152)
2026-06-11 23:14:06,893 [INFO]   ↳ sleeping 13.6s
2026-06-11 23:14:20,543 [INFO] [62/543] Fetching constituency listing: https://www.myneta.info/LokSabha2024/index.php?action=show_candidates&constituency_id=62
2026-06-11 23:14:21,739 [INFO]   ✓ Winner: Shambhavi (id=5057)
2026-06-11 23:14:21,739 [INFO]   ↳ sleeping 19.6s
2026-06-11 23:14:41,321 [INFO] [63/543] Fetching constituency listing: https://www.myneta.info/LokSabha2024/index.php?action=show_candidates&constituency_id=63
2026-06-11 23:14:42,467 [INFO]   ✓ Winner: Giriraj Singh (id=5058)
2026-06-11 23:14:42,467 [INFO]   ↳ sleeping 18.9s
2026-06-11 23:15:01,340 [INFO] [64/543] Fetching constituency listing: https://www.myneta.info/LokSabha2024/index.php?action=show_candidates&constituency_id=64
2026-06-11 23:15:02,525 [INFO]   ✓ Winner: Rajiv Ranjan Singh Alias Lalan Singh (id=5060)
2026-06-11 23:15:02,526 [INFO]   ↳ sleeping 15.3s
2026-06-11 23:15:17,844 [INFO] [65/543] Fetching constituency listing: https://www.myneta.info/LokSabha2024/index.php?action=show_candidates&constituency_id=65
2026-06-11 23:15:19,276 [INFO]   ✓ Winner: Devesh Chandra Thakur (id=7129)
2026-06-11 23:15:19,277 [INFO]   ↳ sleeping 14.8s
2026-06-11 23:15:34,077 [INFO] [66/543] Fetching constituency listing: https://www.myneta.info/LokSabha2024/index.php?action=show_candidates&constituency_id=66
2026-06-11 23:15:35,323 [INFO]   ✓ Winner: Ashok Kumar Yadav (id=7275)
2026-06-11 23:15:35,324 [INFO]   ↳ sleeping 16.0s
2026-06-11 23:15:51,288 [INFO] [67/543] Fetching constituency listing: https://www.myneta.info/LokSabha2024/index.php?action=show_candidates&constituency_id=67
2026-06-11 23:15:52,050 [INFO]   ✓ Winner: Raj Bhushan Choudhary (id=7133)
2026-06-11 23:15:52,052 [INFO]   ↳ sleeping 18.2s
2026-06-11 23:16:10,271 [INFO] [68/543] Fetching constituency listing: https://www.myneta.info/LokSabha2024/index.php?action=show_candidates&constituency_id=68
2026-06-11 23:16:11,712 [INFO]   ✓ Winner: Rajiv Pratap Rudy (id=7279)
2026-06-11 23:16:11,714 [INFO]   ↳ sleeping 17.4s
2026-06-11 23:16:29,108 [INFO] [69/543] Fetching constituency listing: https://www.myneta.info/LokSabha2024/index.php?action=show_candidates&constituency_id=69
2026-06-11 23:16:30,540 [INFO]   ✓ Winner: Chirag Paswan (id=7281)
2026-06-11 23:16:30,542 [INFO]   ↳ sleeping 17.8s
2026-06-11 23:16:48,331 [INFO] [70/543] Fetching constituency listing: https://www.myneta.info/LokSabha2024/index.php?action=show_candidates&constituency_id=70
2026-06-11 23:16:49,483 [INFO]   ✓ Winner: Sunil Kumar (id=7846)
2026-06-11 23:16:49,484 [INFO]   ↳ sleeping 15.1s
2026-06-11 23:17:04,610 [INFO] [71/543] Fetching constituency listing: https://www.myneta.info/LokSabha2024/index.php?action=show_candidates&constituency_id=71
2026-06-11 23:17:05,819 [INFO]   ✓ Winner: Dr.Sanjay Jaiswal (id=7852)
2026-06-11 23:17:05,821 [INFO]   ↳ sleeping 15.8s
2026-06-11 23:17:21,668 [INFO] [72/543] Fetching constituency listing: https://www.myneta.info/LokSabha2024/index.php?action=show_candidates&constituency_id=72
2026-06-11 23:17:22,846 [INFO]   ✓ Winner: Radha Mohan Singh (id=7856)
2026-06-11 23:17:22,847 [INFO]   ↳ sleeping 11.5s
2026-06-11 23:17:34,343 [INFO] [73/543] Fetching constituency listing: https://www.myneta.info/LokSabha2024/index.php?action=show_candidates&constituency_id=73
2026-06-11 23:17:35,544 [INFO]   ✓ Winner: Lovely Anand (id=7890)
2026-06-11 23:17:35,545 [INFO]   ↳ sleeping 17.0s
2026-06-11 23:17:52,590 [INFO] [74/543] Fetching constituency listing: https://www.myneta.info/LokSabha2024/index.php?action=show_candidates&constituency_id=74
2026-06-11 23:17:53,811 [WARNING]   No winner found for constituency 74
2026-06-11 23:17:53,812 [INFO]   ↳ sleeping 14.6s
2026-06-11 23:18:08,381 [INFO] [75/543] Fetching constituency listing: https://www.myneta.info/LokSabha2024/index.php?action=show_candidates&constituency_id=75
2026-06-11 23:18:09,821 [INFO]   ✓ Winner: Veena Devi (id=8070)
2026-06-11 23:18:09,823 [INFO]   ↳ sleeping 12.0s
2026-06-11 23:18:21,848 [INFO] [76/543] Fetching constituency listing: https://www.myneta.info/LokSabha2024/index.php?action=show_candidates&constituency_id=76
2026-06-11 23:18:23,044 [INFO]   ✓ Winner: Dr. Alok Kumar Suman (id=8110)
2026-06-11 23:18:23,045 [INFO]   ↳ sleeping 18.2s
2026-06-11 23:18:41,228 [INFO] [77/543] Fetching constituency listing: https://www.myneta.info/LokSabha2024/index.php?action=show_candidates&constituency_id=77
2026-06-11 23:18:42,739 [INFO]   ✓ Winner: Vijaylakshmi Devi (id=8120)
2026-06-11 23:18:42,742 [INFO]   ↳ sleeping 17.9s
2026-06-11 23:19:00,674 [INFO] [78/543] Fetching constituency listing: https://www.myneta.info/LokSabha2024/index.php?action=show_candidates&constituency_id=78
2026-06-11 23:19:01,861 [INFO]   ✓ Winner: Janardan Singh (Sigriwal) (id=8177)
2026-06-11 23:19:01,862 [INFO]   ↳ sleeping 14.8s
2026-06-11 23:19:16,629 [INFO] [79/543] Fetching constituency listing: https://www.myneta.info/LokSabha2024/index.php?action=show_candidates&constituency_id=79
2026-06-11 23:19:18,131 [INFO]   ✓ Winner: Kaushalendra Kumar (id=9494)
2026-06-11 23:19:18,133 [INFO]   ↳ sleeping 15.1s
2026-06-11 23:19:33,193 [INFO] [80/543] Fetching constituency listing: https://www.myneta.info/LokSabha2024/index.php?action=show_candidates&constituency_id=80
2026-06-11 23:19:34,676 [INFO]   ✓ Winner: Ravi Shankar Prasad (id=9505)
2026-06-11 23:19:34,678 [INFO]   ↳ sleeping 18.7s
2026-06-11 23:19:53,340 [INFO] [81/543] Fetching constituency listing: https://www.myneta.info/LokSabha2024/index.php?action=show_candidates&constituency_id=81
2026-06-11 23:19:55,009 [INFO]   ✓ Winner: Misha Bharti (id=9528)
2026-06-11 23:19:55,016 [INFO]   ↳ sleeping 14.4s
2026-06-11 23:20:09,415 [INFO] [82/543] Fetching constituency listing: https://www.myneta.info/LokSabha2024/index.php?action=show_candidates&constituency_id=82
2026-06-11 23:20:10,912 [INFO]   ✓ Winner: Sudama Prasad (id=9539)
2026-06-11 23:20:10,914 [INFO]   ↳ sleeping 12.1s
2026-06-11 23:20:23,062 [INFO] [83/543] Fetching constituency listing: https://www.myneta.info/LokSabha2024/index.php?action=show_candidates&constituency_id=83
2026-06-11 23:20:24,548 [INFO]   ✓ Winner: Sudhakar Singh (id=9560)
2026-06-11 23:20:24,550 [INFO]   ↳ sleeping 14.5s
2026-06-11 23:20:39,038 [INFO] [84/543] Fetching constituency listing: https://www.myneta.info/LokSabha2024/index.php?action=show_candidates&constituency_id=84
2026-06-11 23:20:39,833 [INFO]   ✓ Winner: Manoj Kumar (id=9567)
2026-06-11 23:20:39,834 [INFO]   ↳ sleeping 11.5s
2026-06-11 23:20:51,337 [INFO] [85/543] Fetching constituency listing: https://www.myneta.info/LokSabha2024/index.php?action=show_candidates&constituency_id=85
2026-06-11 23:20:52,802 [INFO]   ✓ Winner: Raja Ram Singh (id=9587)
2026-06-11 23:20:52,805 [INFO]   ↳ sleeping 15.5s
2026-06-11 23:21:08,329 [INFO] [86/543] Fetching constituency listing: https://www.myneta.info/LokSabha2024/index.php?action=show_candidates&constituency_id=86
2026-06-11 23:21:09,127 [INFO]   ✓ Winner: Surendra Prasad Yadav (id=9601)
2026-06-11 23:21:09,129 [INFO]   ↳ sleeping 16.4s
2026-06-11 23:21:25,520 [INFO] [87/543] Fetching constituency listing: https://www.myneta.info/LokSabha2024/index.php?action=show_candidates&constituency_id=87
2026-06-11 23:21:26,662 [WARNING]   No winner found for constituency 87
2026-06-11 23:21:26,663 [INFO]   ↳ sleeping 15.5s
2026-06-11 23:21:42,161 [INFO] [88/543] Fetching constituency listing: https://www.myneta.info/LokSabha2024/index.php?action=show_candidates&constituency_id=88
2026-06-11 23:21:43,596 [INFO]   ✓ Winner: Manish Tewari (id=8819)
2026-06-11 23:21:43,597 [INFO]   ↳ sleeping 17.2s
2026-06-11 23:22:00,831 [INFO] [89/543] Fetching constituency listing: https://www.myneta.info/LokSabha2024/index.php?action=show_candidates&constituency_id=89
2026-06-11 23:22:02,070 [INFO]   ✓ Winner: Mahesh Kashyap (id=268)
2026-06-11 23:22:02,071 [INFO]   ↳ sleeping 15.7s
2026-06-11 23:22:17,769 [INFO] [90/543] Fetching constituency listing: https://www.myneta.info/LokSabha2024/index.php?action=show_candidates&constituency_id=90
2026-06-11 23:22:19,294 [INFO]   ✓ Winner: Santosh Pandey (id=1936)
2026-06-11 23:22:19,297 [INFO]   ↳ sleeping 16.9s
2026-06-11 23:22:36,166 [INFO] [91/543] Fetching constituency listing: https://www.myneta.info/LokSabha2024/index.php?action=show_candidates&constituency_id=91
2026-06-11 23:22:37,630 [INFO]   ✓ Winner: Roop Kumari Choudhary (id=2129)
2026-06-11 23:22:37,632 [INFO]   ↳ sleeping 14.8s
2026-06-11 23:22:52,435 [INFO] [92/543] Fetching constituency listing: https://www.myneta.info/LokSabha2024/index.php?action=show_candidates&constituency_id=92
2026-06-11 23:22:53,590 [INFO]   ✓ Winner: Bhojraj Nag (id=1932)
2026-06-11 23:22:53,592 [INFO]   ↳ sleeping 16.6s
2026-06-11 23:23:10,189 [INFO] [93/543] Fetching constituency listing: https://www.myneta.info/LokSabha2024/index.php?action=show_candidates&constituency_id=93
2026-06-11 23:23:11,340 [INFO]   ✓ Winner: Chintamani Maharaj (id=3450)
2026-06-11 23:23:11,341 [INFO]   ↳ sleeping 13.8s
2026-06-11 23:23:25,097 [INFO] [94/543] Fetching constituency listing: https://www.myneta.info/LokSabha2024/index.php?action=show_candidates&constituency_id=94
2026-06-11 23:23:26,599 [INFO]   ✓ Winner: Radheshyam Rathiya (id=3425)
2026-06-11 23:23:26,601 [INFO]   ↳ sleeping 17.3s
2026-06-11 23:23:43,865 [INFO] [95/543] Fetching constituency listing: https://www.myneta.info/LokSabha2024/index.php?action=show_candidates&constituency_id=95
2026-06-11 23:23:45,376 [INFO]   ✓ Winner: Kamlesh Jangde (id=3677)
2026-06-11 23:23:45,377 [INFO]   ↳ sleeping 18.6s
2026-06-11 23:24:03,997 [INFO] [96/543] Fetching constituency listing: https://www.myneta.info/LokSabha2024/index.php?action=show_candidates&constituency_id=96
2026-06-11 23:24:05,705 [INFO]   ✓ Winner: Jyotsna Charandas Mahant (id=3647)
2026-06-11 23:24:05,706 [INFO]   ↳ sleeping 16.0s
2026-06-11 23:24:21,672 [INFO] [97/543] Fetching constituency listing: https://www.myneta.info/LokSabha2024/index.php?action=show_candidates&constituency_id=97
2026-06-11 23:24:23,400 [INFO]   ✓ Winner: Tokhan Sahu (id=3590)
2026-06-11 23:24:23,401 [INFO]   ↳ sleeping 17.4s
2026-06-11 23:24:40,770 [INFO] [98/543] Fetching constituency listing: https://www.myneta.info/LokSabha2024/index.php?action=show_candidates&constituency_id=98
2026-06-11 23:24:42,216 [INFO]   ✓ Winner: Vijay Baghel (id=3442)
2026-06-11 23:24:42,217 [INFO]   ↳ sleeping 14.5s
2026-06-11 23:24:56,696 [INFO] [99/543] Fetching constituency listing: https://www.myneta.info/LokSabha2024/index.php?action=show_candidates&constituency_id=99
2026-06-11 23:24:58,460 [INFO]   ✓ Winner: Brijmohan Agrawal (id=3427)
2026-06-11 23:24:58,461 [INFO]   ↳ sleeping 16.3s
2026-06-11 23:25:14,753 [INFO] [100/543] Fetching constituency listing: https://www.myneta.info/LokSabha2024/index.php?action=show_candidates&constituency_id=100
2026-06-11 23:25:15,923 [WARNING]   No winner found for constituency 100
2026-06-11 23:25:15,924 [INFO]   ↳ sleeping 11.1s
2026-06-11 23:25:26,990 [INFO] [101/543] Fetching constituency listing: https://www.myneta.info/LokSabha2024/index.php?action=show_candidates&constituency_id=101
2026-06-11 23:25:28,137 [INFO]   ✓ Winner: Patel Umeshbhai Babubhai (id=3667)
2026-06-11 23:25:28,138 [INFO]   ↳ sleeping 16.0s
2026-06-11 23:25:44,183 [INFO] [102/543] Fetching constituency listing: https://www.myneta.info/LokSabha2024/index.php?action=show_candidates&constituency_id=102
2026-06-11 23:25:45,371 [INFO]   ✓ Winner: Delkar Kalaben Mohanbhai (id=3666)
2026-06-11 23:25:45,372 [INFO]   ↳ sleeping 11.6s
2026-06-11 23:25:56,988 [INFO] [103/543] Fetching constituency listing: https://www.myneta.info/LokSabha2024/index.php?action=show_candidates&constituency_id=103
2026-06-11 23:25:58,488 [INFO]   ✓ Winner: Praveen Khandelwal (id=7896)
2026-06-11 23:25:58,490 [INFO]   ↳ sleeping 11.5s
2026-06-11 23:26:10,027 [INFO] [104/543] Fetching constituency listing: https://www.myneta.info/LokSabha2024/index.php?action=show_candidates&constituency_id=104
2026-06-11 23:26:11,512 [INFO]   ✓ Winner: Manoj Tiwari (id=7903)
2026-06-11 23:26:11,513 [INFO]   ↳ sleeping 14.6s
2026-06-11 23:26:26,116 [INFO] [105/543] Fetching constituency listing: https://www.myneta.info/LokSabha2024/index.php?action=show_candidates&constituency_id=105
2026-06-11 23:26:27,609 [INFO]   ✓ Winner: Harsh Malhotra (id=7899)
2026-06-11 23:26:27,610 [INFO]   ↳ sleeping 13.5s
2026-06-11 23:26:41,156 [INFO] [106/543] Fetching constituency listing: https://www.myneta.info/LokSabha2024/index.php?action=show_candidates&constituency_id=106
2026-06-11 23:26:42,644 [INFO]   ✓ Winner: Bansuri Swaraj (id=7901)
2026-06-11 23:26:42,646 [INFO]   ↳ sleeping 12.7s
2026-06-11 23:26:55,369 [INFO] [107/543] Fetching constituency listing: https://www.myneta.info/LokSabha2024/index.php?action=show_candidates&constituency_id=107
2026-06-11 23:26:56,926 [INFO]   ✓ Winner: Yogender Chandoliya (id=7905)
2026-06-11 23:26:56,928 [INFO]   ↳ sleeping 10.5s
2026-06-11 23:27:07,418 [INFO] [108/543] Fetching constituency listing: https://www.myneta.info/LokSabha2024/index.php?action=show_candidates&constituency_id=108
2026-06-11 23:27:08,899 [INFO]   ✓ Winner: Kamaljeet Sehrawat (id=7909)
2026-06-11 23:27:08,900 [INFO]   ↳ sleeping 15.8s
2026-06-11 23:27:24,741 [INFO] [109/543] Fetching constituency listing: https://www.myneta.info/LokSabha2024/index.php?action=show_candidates&constituency_id=109
2026-06-11 23:27:26,196 [INFO]   ✓ Winner: Ramvir Singh Bidhuri (id=7907)
2026-06-11 23:27:26,199 [INFO]   ↳ sleeping 16.3s
2026-06-11 23:27:42,496 [INFO] [110/543] Fetching constituency listing: https://www.myneta.info/LokSabha2024/index.php?action=show_candidates&constituency_id=110
2026-06-11 23:27:43,684 [INFO]   ✓ Winner: Shripad Yesso Naik (id=3668)
2026-06-11 23:27:43,685 [INFO]   ↳ sleeping 15.0s
2026-06-11 23:27:58,701 [INFO] [111/543] Fetching constituency listing: https://www.myneta.info/LokSabha2024/index.php?action=show_candidates&constituency_id=111
2026-06-11 23:27:59,887 [INFO]   ✓ Winner: Captain Viriato Fernandes (id=3876)
2026-06-11 23:27:59,889 [INFO]   ↳ sleeping 19.5s
2026-06-11 23:28:19,413 [INFO] [112/543] Fetching constituency listing: https://www.myneta.info/LokSabha2024/index.php?action=show_candidates&constituency_id=112
2026-06-11 23:28:20,893 [INFO]   ✓ Winner: Chavda Vinod Lakhamshi (id=3769)
2026-06-11 23:28:20,895 [INFO]   ↳ sleeping 10.2s
2026-06-11 23:28:31,103 [INFO] [113/543] Fetching constituency listing: https://www.myneta.info/LokSabha2024/index.php?action=show_candidates&constituency_id=113
2026-06-11 23:28:31,829 [INFO]   ✓ Winner: Geniben Nagaji Thakor (id=3453)
2026-06-11 23:28:31,833 [INFO]   ↳ sleeping 11.8s
2026-06-11 23:28:43,603 [INFO] [114/543] Fetching constituency listing: https://www.myneta.info/LokSabha2024/index.php?action=show_candidates&constituency_id=114
2026-06-11 23:28:44,749 [INFO]   ✓ Winner: Dabhi Bharatsinhji Shankarji (id=3603)
2026-06-11 23:28:44,751 [INFO]   ↳ sleeping 12.9s
2026-06-11 23:28:57,643 [INFO] [115/543] Fetching constituency listing: https://www.myneta.info/LokSabha2024/index.php?action=show_candidates&constituency_id=115
2026-06-11 23:28:58,850 [INFO]   ✓ Winner: Haribhai Patel (id=3774)
2026-06-11 23:28:58,852 [INFO]   ↳ sleeping 18.9s
2026-06-11 23:29:17,726 [INFO] [116/543] Fetching constituency listing: https://www.myneta.info/LokSabha2024/index.php?action=show_candidates&constituency_id=116
2026-06-11 23:29:19,222 [INFO]   ✓ Winner: Shobhanaben Mahendrasinh Baraiya (id=3782)
2026-06-11 23:29:19,225 [INFO]   ↳ sleeping 12.0s
2026-06-11 23:29:31,191 [INFO] [117/543] Fetching constituency listing: https://www.myneta.info/LokSabha2024/index.php?action=show_candidates&constituency_id=117
2026-06-11 23:29:32,651 [INFO]   ✓ Winner: Amit Shah (id=4427)
2026-06-11 23:29:32,653 [INFO]   ↳ sleeping 19.5s
2026-06-11 23:29:52,130 [INFO] [118/543] Fetching constituency listing: https://www.myneta.info/LokSabha2024/index.php?action=show_candidates&constituency_id=118
2026-06-11 23:29:53,573 [INFO]   ✓ Winner: Hasmukhbhai Patel (H.S.Patel) (id=3452)
2026-06-11 23:29:53,574 [INFO]   ↳ sleeping 13.1s
2026-06-11 23:30:06,668 [INFO] [119/543] Fetching constituency listing: https://www.myneta.info/LokSabha2024/index.php?action=show_candidates&constituency_id=119
2026-06-11 23:30:07,879 [INFO]   ✓ Winner: Dineshbhai Makwana (Advocate) (id=3735)
2026-06-11 23:30:07,880 [INFO]   ↳ sleeping 16.3s
2026-06-11 23:30:24,175 [INFO] [120/543] Fetching constituency listing: https://www.myneta.info/LokSabha2024/index.php?action=show_candidates&constituency_id=120
2026-06-11 23:30:25,631 [INFO]   ✓ Winner: Chandubhai Chhaganbhai Shihora (id=3501)
2026-06-11 23:30:25,633 [INFO]   ↳ sleeping 19.9s
2026-06-11 23:30:45,563 [INFO] [121/543] Fetching constituency listing: https://www.myneta.info/LokSabha2024/index.php?action=show_candidates&constituency_id=121
2026-06-11 23:30:46,729 [INFO]   ✓ Winner: Parshottambhai Rupala (id=3595)
2026-06-11 23:30:46,731 [INFO]   ↳ sleeping 17.9s
2026-06-11 23:31:04,606 [INFO] [122/543] Fetching constituency listing: https://www.myneta.info/LokSabha2024/index.php?action=show_candidates&constituency_id=122
2026-06-11 23:31:05,944 [INFO]   ✓ Winner: Dr. Mansukh Mandaviya (id=3459)
2026-06-11 23:31:05,945 [INFO]   ↳ sleeping 12.9s
2026-06-11 23:31:18,851 [INFO] [123/543] Fetching constituency listing: https://www.myneta.info/LokSabha2024/index.php?action=show_candidates&constituency_id=123
2026-06-11 23:31:20,336 [INFO]   ✓ Winner: Poonamben Hematbhai Maadam (id=5028)
2026-06-11 23:31:20,338 [INFO]   ↳ sleeping 19.6s
2026-06-11 23:31:39,922 [INFO] [124/543] Fetching constituency listing: https://www.myneta.info/LokSabha2024/index.php?action=show_candidates&constituency_id=124
2026-06-11 23:31:41,076 [INFO]   ✓ Winner: Chudasama Rajeshbhai Naranbhai (id=3766)
2026-06-11 23:31:41,077 [INFO]   ↳ sleeping 14.8s
2026-06-11 23:31:55,915 [INFO] [125/543] Fetching constituency listing: https://www.myneta.info/LokSabha2024/index.php?action=show_candidates&constituency_id=125
2026-06-11 23:31:57,115 [INFO]   ✓ Winner: Bharatbhai Manubhai Sutariya (id=4067)
2026-06-11 23:31:57,116 [INFO]   ↳ sleeping 10.9s
2026-06-11 23:32:08,047 [INFO] [126/543] Fetching constituency listing: https://www.myneta.info/LokSabha2024/index.php?action=show_candidates&constituency_id=126
2026-06-11 23:32:08,825 [WARNING]   No winner found for constituency 126
2026-06-11 23:32:08,838 [INFO]   ↳ sleeping 13.3s
2026-06-11 23:32:22,184 [INFO] [127/543] Fetching constituency listing: https://www.myneta.info/LokSabha2024/index.php?action=show_candidates&constituency_id=127
2026-06-11 23:32:23,612 [INFO]   ✓ Winner: Nimuben Jayantibhai Bambhaniya (Nimuben Bambhaniya) (id=3743)
2026-06-11 23:32:23,614 [INFO]   ↳ sleeping 11.1s
2026-06-11 23:32:34,753 [INFO] [128/543] Fetching constituency listing: https://www.myneta.info/LokSabha2024/index.php?action=show_candidates&constituency_id=128
2026-06-11 23:32:35,902 [INFO]   ✓ Winner: Mitesh Patel (Bakabhai) (id=3596)
2026-06-11 23:32:35,906 [INFO]   ↳ sleeping 12.2s
2026-06-11 23:32:48,138 [INFO] [129/543] Fetching constituency listing: https://www.myneta.info/LokSabha2024/index.php?action=show_candidates&constituency_id=129
2026-06-11 23:32:49,330 [INFO]   ✓ Winner: Devusinh Chauhan (id=3772)
2026-06-11 23:32:49,331 [INFO]   ↳ sleeping 10.7s
2026-06-11 23:33:00,058 [INFO] [130/543] Fetching constituency listing: https://www.myneta.info/LokSabha2024/index.php?action=show_candidates&constituency_id=130
2026-06-11 23:33:01,213 [INFO]   ✓ Winner: Rajpalsinh Mahendrasinh Jadav (id=3430)
2026-06-11 23:33:01,215 [INFO]   ↳ sleeping 17.4s
2026-06-11 23:33:18,613 [INFO] [131/543] Fetching constituency listing: https://www.myneta.info/LokSabha2024/index.php?action=show_candidates&constituency_id=131
2026-06-11 23:33:19,774 [INFO]   ✓ Winner: Jaswantsinh Sumanbhai Bhabhor (id=3748)
2026-06-11 23:33:19,775 [INFO]   ↳ sleeping 14.6s
2026-06-11 23:33:34,418 [INFO] [132/543] Fetching constituency listing: https://www.myneta.info/LokSabha2024/index.php?action=show_candidates&constituency_id=132
2026-06-11 23:33:35,895 [INFO]   ✓ Winner: Dr. Hemang Joshi (id=3606)
2026-06-11 23:33:35,897 [INFO]   ↳ sleeping 14.5s
2026-06-11 23:33:50,420 [INFO] [133/543] Fetching constituency listing: https://www.myneta.info/LokSabha2024/index.php?action=show_candidates&constituency_id=133
2026-06-11 23:33:51,657 [INFO]   ✓ Winner: Jashubhai Bhilubhai Rathva (id=3744)
2026-06-11 23:33:51,659 [INFO]   ↳ sleeping 19.6s
2026-06-11 23:34:11,302 [INFO] [134/543] Fetching constituency listing: https://www.myneta.info/LokSabha2024/index.php?action=show_candidates&constituency_id=134
2026-06-11 23:34:12,749 [INFO]   ✓ Winner: Mansukhbhai Dhanjibhai Vasava (id=3455)
2026-06-11 23:34:12,753 [INFO]   ↳ sleeping 16.0s
2026-06-11 23:34:28,743 [INFO] [135/543] Fetching constituency listing: https://www.myneta.info/LokSabha2024/index.php?action=show_candidates&constituency_id=135
2026-06-11 23:34:29,891 [INFO]   ✓ Winner: Parbhubhai Nagarbhai Vasava (id=3740)
2026-06-11 23:34:29,892 [INFO]   ↳ sleeping 17.0s
2026-06-11 23:34:46,884 [INFO] [136/543] Fetching constituency listing: https://www.myneta.info/LokSabha2024/index.php?action=show_candidates&constituency_id=136
2026-06-11 23:34:48,065 [INFO]   ✓ Winner: Mukeshkumar Chandrakaant Dalal (id=3783)
2026-06-11 23:34:48,067 [INFO]   ↳ sleeping 15.8s
2026-06-11 23:35:03,848 [INFO] [137/543] Fetching constituency listing: https://www.myneta.info/LokSabha2024/index.php?action=show_candidates&constituency_id=137
2026-06-11 23:35:05,327 [INFO]   ✓ Winner: C R Patil (id=5139)
2026-06-11 23:35:05,330 [INFO]   ↳ sleeping 10.4s
2026-06-11 23:35:15,775 [INFO] [138/543] Fetching constituency listing: https://www.myneta.info/LokSabha2024/index.php?action=show_candidates&constituency_id=138
2026-06-11 23:35:16,494 [INFO]   ✓ Winner: Dhaval Laxmanbhai Patel (id=3502)
2026-06-11 23:35:16,497 [INFO]   ↳ sleeping 16.1s
2026-06-11 23:35:32,633 [INFO] [139/543] Fetching constituency listing: https://www.myneta.info/LokSabha2024/index.php?action=show_candidates&constituency_id=139
2026-06-11 23:35:33,774 [WARNING]   No winner found for constituency 139
2026-06-11 23:35:33,775 [INFO]   ↳ sleeping 11.2s
2026-06-11 23:35:44,985 [INFO] [140/543] Fetching constituency listing: https://www.myneta.info/LokSabha2024/index.php?action=show_candidates&constituency_id=140
2026-06-11 23:35:46,489 [INFO]   ✓ Winner: Varun Chaudhry (id=8414)
2026-06-11 23:35:46,492 [INFO]   ↳ sleeping 19.6s
2026-06-11 23:36:06,057 [INFO] [141/543] Fetching constituency listing: https://www.myneta.info/LokSabha2024/index.php?action=show_candidates&constituency_id=141
2026-06-11 23:36:07,511 [INFO]   ✓ Winner: Naveen Jindal (id=8542)
2026-06-11 23:36:07,512 [INFO]   ↳ sleeping 10.3s
2026-06-11 23:36:17,792 [INFO] [142/543] Fetching constituency listing: https://www.myneta.info/LokSabha2024/index.php?action=show_candidates&constituency_id=142
2026-06-11 23:36:19,286 [INFO]   ✓ Winner: Selja (id=8546)
2026-06-11 23:36:19,288 [INFO]   ↳ sleeping 14.7s
2026-06-11 23:36:33,964 [INFO] [143/543] Fetching constituency listing: https://www.myneta.info/LokSabha2024/index.php?action=show_candidates&constituency_id=143
2026-06-11 23:36:35,479 [INFO]   ✓ Winner: Jai Parkash (J P) S/O Harikesh (id=8547)
2026-06-11 23:36:35,481 [INFO]   ↳ sleeping 11.5s
2026-06-11 23:36:46,945 [INFO] [144/543] Fetching constituency listing: https://www.myneta.info/LokSabha2024/index.php?action=show_candidates&constituency_id=144
2026-06-11 23:36:48,391 [INFO]   ✓ Winner: Manohar Lal (id=8552)
2026-06-11 23:36:48,392 [INFO]   ↳ sleeping 14.0s
2026-06-11 23:37:02,386 [INFO] [145/543] Fetching constituency listing: https://www.myneta.info/LokSabha2024/index.php?action=show_candidates&constituency_id=145
2026-06-11 23:37:03,853 [INFO]   ✓ Winner: Satpal Brahamchari (id=8557)
2026-06-11 23:37:03,854 [INFO]   ↳ sleeping 10.6s
2026-06-11 23:37:14,433 [INFO] [146/543] Fetching constituency listing: https://www.myneta.info/LokSabha2024/index.php?action=show_candidates&constituency_id=146
2026-06-11 23:37:15,196 [INFO]   ✓ Winner: Deepender Singh Hooda (id=8497)
2026-06-11 23:37:15,197 [INFO]   ↳ sleeping 18.9s
2026-06-11 23:37:34,108 [INFO] [147/543] Fetching constituency listing: https://www.myneta.info/LokSabha2024/index.php?action=show_candidates&constituency_id=147
2026-06-11 23:37:35,090 [INFO]   ✓ Winner: Dharambir Singh (id=8558)
2026-06-11 23:37:35,092 [INFO]   ↳ sleeping 14.2s
2026-06-11 23:37:49,314 [INFO] [148/543] Fetching constituency listing: https://www.myneta.info/LokSabha2024/index.php?action=show_candidates&constituency_id=148
2026-06-11 23:37:50,203 [INFO]   ✓ Winner: Rao Inderjit Singh (id=8448)
2026-06-11 23:37:50,205 [INFO]   ↳ sleeping 12.5s
2026-06-11 23:38:02,733 [INFO] [149/543] Fetching constituency listing: https://www.myneta.info/LokSabha2024/index.php?action=show_candidates&constituency_id=149
2026-06-11 23:38:03,535 [INFO]   ✓ Winner: Krishan Pal (id=8425)
2026-06-11 23:38:03,537 [INFO]   ↳ sleeping 19.3s
2026-06-11 23:38:22,803 [INFO] [150/543] Fetching constituency listing: https://www.myneta.info/LokSabha2024/index.php?action=show_candidates&constituency_id=150
2026-06-11 23:38:23,950 [WARNING]   No winner found for constituency 150
2026-06-11 23:38:23,953 [INFO]   ↳ sleeping 17.3s
2026-06-11 23:38:41,213 [INFO] [151/543] Fetching constituency listing: https://www.myneta.info/LokSabha2024/index.php?action=show_candidates&constituency_id=151
2026-06-11 23:38:42,395 [INFO]   ✓ Winner: Dr Rajeev Bhardwaj (id=8762)
2026-06-11 23:38:42,396 [INFO]   ↳ sleeping 19.9s
2026-06-11 23:39:02,261 [INFO] [152/543] Fetching constituency listing: https://www.myneta.info/LokSabha2024/index.php?action=show_candidates&constituency_id=152
2026-06-11 23:39:03,453 [INFO]   ✓ Winner: Kangna Ranaut (id=8764)
2026-06-11 23:39:03,454 [INFO]   ↳ sleeping 18.6s
2026-06-11 23:39:22,098 [INFO] [153/543] Fetching constituency listing: https://www.myneta.info/LokSabha2024/index.php?action=show_candidates&constituency_id=153
2026-06-11 23:39:23,258 [INFO]   ✓ Winner: Anurag Singh Thakur (id=8760)
2026-06-11 23:39:23,260 [INFO]   ↳ sleeping 19.6s
2026-06-11 23:39:42,909 [INFO] [154/543] Fetching constituency listing: https://www.myneta.info/LokSabha2024/index.php?action=show_candidates&constituency_id=154
2026-06-11 23:39:44,104 [INFO]   ✓ Winner: Suresh Kumar Kashyap (id=8766)
2026-06-11 23:39:44,105 [INFO]   ↳ sleeping 14.9s
2026-06-11 23:39:58,970 [INFO] [155/543] Fetching constituency listing: https://www.myneta.info/LokSabha2024/index.php?action=show_candidates&constituency_id=155
2026-06-11 23:40:00,176 [INFO]   ✓ Winner: Dr Jitendra Singh (id=8)
2026-06-11 23:40:00,178 [INFO]   ↳ sleeping 11.6s
2026-06-11 23:40:11,793 [INFO] [156/543] Fetching constituency listing: https://www.myneta.info/LokSabha2024/index.php?action=show_candidates&constituency_id=156
2026-06-11 23:40:13,297 [INFO]   ✓ Winner: Jugal Kishore (id=1712)
2026-06-11 23:40:13,302 [INFO]   ↳ sleeping 12.3s
2026-06-11 23:40:25,646 [INFO] [157/543] Fetching constituency listing: https://www.myneta.info/LokSabha2024/index.php?action=show_candidates&constituency_id=157
2026-06-11 23:40:27,152 [INFO]   ✓ Winner: Mian Altaf Ahmad (id=4199)
2026-06-11 23:40:27,153 [INFO]   ↳ sleeping 14.7s
2026-06-11 23:40:41,885 [INFO] [158/543] Fetching constituency listing: https://www.myneta.info/LokSabha2024/index.php?action=show_candidates&constituency_id=158
2026-06-11 23:40:43,343 [INFO]   ✓ Winner: Aga Syed Ruhullah Mehdi (id=6318)
2026-06-11 23:40:43,345 [INFO]   ↳ sleeping 10.1s
2026-06-11 23:40:53,492 [INFO] [159/543] Fetching constituency listing: https://www.myneta.info/LokSabha2024/index.php?action=show_candidates&constituency_id=159
2026-06-11 23:40:54,252 [INFO]   ✓ Winner: Abdul Rashid Sheikh (id=7591)
2026-06-11 23:40:54,254 [INFO]   ↳ sleeping 17.6s
2026-06-11 23:41:11,876 [INFO] [160/543] Fetching constituency listing: https://www.myneta.info/LokSabha2024/index.php?action=show_candidates&constituency_id=160
2026-06-11 23:41:13,462 [INFO]   ✓ Winner: Joba Majhi (id=5157)
2026-06-11 23:41:13,464 [INFO]   ↳ sleeping 13.4s
2026-06-11 23:41:26,892 [INFO] [161/543] Fetching constituency listing: https://www.myneta.info/LokSabha2024/index.php?action=show_candidates&constituency_id=161
2026-06-11 23:41:28,039 [INFO]   ✓ Winner: Kali Charan Munda (id=5153)
2026-06-11 23:41:28,040 [INFO]   ↳ sleeping 15.3s
2026-06-11 23:41:43,334 [INFO] [162/543] Fetching constituency listing: https://www.myneta.info/LokSabha2024/index.php?action=show_candidates&constituency_id=162
2026-06-11 23:41:44,825 [INFO]   ✓ Winner: Sukhdeo Bhagat (id=6277)
2026-06-11 23:41:44,826 [INFO]   ↳ sleeping 12.7s
2026-06-11 23:41:57,537 [INFO] [163/543] Fetching constituency listing: https://www.myneta.info/LokSabha2024/index.php?action=show_candidates&constituency_id=163
2026-06-11 23:41:58,684 [INFO]   ✓ Winner: Vishnu Dayal Ram (id=6264)
2026-06-11 23:41:58,686 [INFO]   ↳ sleeping 15.6s
2026-06-11 23:42:14,292 [INFO] [164/543] Fetching constituency listing: https://www.myneta.info/LokSabha2024/index.php?action=show_candidates&constituency_id=164
2026-06-11 23:42:15,740 [INFO]   ✓ Winner: Kali Charan Singh (id=7142)
2026-06-11 23:42:15,742 [INFO]   ↳ sleeping 17.4s
2026-06-11 23:42:33,129 [INFO] [165/543] Fetching constituency listing: https://www.myneta.info/LokSabha2024/index.php?action=show_candidates&constituency_id=165
2026-06-11 23:42:34,571 [INFO]   ✓ Winner: Annpurna Devi (id=7285)
2026-06-11 23:42:34,573 [INFO]   ↳ sleeping 14.4s
2026-06-11 23:42:48,972 [INFO] [166/543] Fetching constituency listing: https://www.myneta.info/LokSabha2024/index.php?action=show_candidates&constituency_id=166
2026-06-11 23:42:50,465 [INFO]   ✓ Winner: Manish Jaiswal (id=7144)
2026-06-11 23:42:50,468 [INFO]   ↳ sleeping 14.5s
2026-06-11 23:43:04,980 [INFO] [167/543] Fetching constituency listing: https://www.myneta.info/LokSabha2024/index.php?action=show_candidates&constituency_id=167
2026-06-11 23:43:06,412 [INFO]   ✓ Winner: Chandra Prakash Choudhary (id=8523)
2026-06-11 23:43:06,417 [INFO]   ↳ sleeping 10.4s
2026-06-11 23:43:16,846 [INFO] [168/543] Fetching constituency listing: https://www.myneta.info/LokSabha2024/index.php?action=show_candidates&constituency_id=168
2026-06-11 23:43:17,579 [INFO]   ✓ Winner: Dulu Mahato (id=8469)
2026-06-11 23:43:17,580 [INFO]   ↳ sleeping 19.2s
2026-06-11 23:43:36,757 [INFO] [169/543] Fetching constituency listing: https://www.myneta.info/LokSabha2024/index.php?action=show_candidates&constituency_id=169
2026-06-11 23:43:38,323 [INFO]   ✓ Winner: Sanjay Seth (id=8561)
2026-06-11 23:43:38,324 [INFO]   ↳ sleeping 18.8s
2026-06-11 23:43:57,130 [INFO] [170/543] Fetching constituency listing: https://www.myneta.info/LokSabha2024/index.php?action=show_candidates&constituency_id=170
2026-06-11 23:43:58,571 [INFO]   ✓ Winner: Bidyut Baran Mahato (id=8563)
2026-06-11 23:43:58,573 [INFO]   ↳ sleeping 13.2s
2026-06-11 23:44:11,779 [INFO] [171/543] Fetching constituency listing: https://www.myneta.info/LokSabha2024/index.php?action=show_candidates&constituency_id=171
2026-06-11 23:44:13,254 [INFO]   ✓ Winner: Vijay Kumar Hansdak (id=9340)
2026-06-11 23:44:13,257 [INFO]   ↳ sleeping 12.2s
2026-06-11 23:44:25,485 [INFO] [172/543] Fetching constituency listing: https://www.myneta.info/LokSabha2024/index.php?action=show_candidates&constituency_id=172
2026-06-11 23:44:27,032 [INFO]   ✓ Winner: Nalin Soren (id=9321)
2026-06-11 23:44:27,034 [INFO]   ↳ sleeping 14.6s
2026-06-11 23:44:41,604 [INFO] [173/543] Fetching constituency listing: https://www.myneta.info/LokSabha2024/index.php?action=show_candidates&constituency_id=173
2026-06-11 23:44:43,050 [INFO]   ✓ Winner: Nishikant Dubey (id=8770)
2026-06-11 23:44:43,052 [INFO]   ↳ sleeping 12.0s
2026-06-11 23:44:55,054 [INFO] [174/543] Fetching constituency listing: https://www.myneta.info/LokSabha2024/index.php?action=show_candidates&constituency_id=174
2026-06-11 23:44:56,271 [WARNING]   No winner found for constituency 174
2026-06-11 23:44:56,272 [INFO]   ↳ sleeping 18.9s
2026-06-11 23:45:15,159 [INFO] [175/543] Fetching constituency listing: https://www.myneta.info/LokSabha2024/index.php?action=show_candidates&constituency_id=175
2026-06-11 23:45:16,318 [INFO]   ✓ Winner: Kota Srinivas Poojary (id=2323)
2026-06-11 23:45:16,319 [INFO]   ↳ sleeping 10.9s
2026-06-11 23:45:27,180 [INFO] [176/543] Fetching constituency listing: https://www.myneta.info/LokSabha2024/index.php?action=show_candidates&constituency_id=176
2026-06-11 23:45:27,889 [INFO]   ✓ Winner: Shreyas. M. Patel (id=1890)
2026-06-11 23:45:27,893 [INFO]   ↳ sleeping 13.9s
2026-06-11 23:45:41,783 [INFO] [177/543] Fetching constituency listing: https://www.myneta.info/LokSabha2024/index.php?action=show_candidates&constituency_id=177
2026-06-11 23:45:42,931 [INFO]   ✓ Winner: Captain Brijesh Chowta (id=1889)
2026-06-11 23:45:42,932 [INFO]   ↳ sleeping 14.8s
2026-06-11 23:45:57,762 [INFO] [178/543] Fetching constituency listing: https://www.myneta.info/LokSabha2024/index.php?action=show_candidates&constituency_id=178
2026-06-11 23:45:59,205 [INFO]   ✓ Winner: Govind Makthappa Karjol (id=1886)
2026-06-11 23:45:59,207 [INFO]   ↳ sleeping 14.4s
2026-06-11 23:46:13,641 [INFO] [179/543] Fetching constituency listing: https://www.myneta.info/LokSabha2024/index.php?action=show_candidates&constituency_id=179
2026-06-11 23:46:15,126 [INFO]   ✓ Winner: V. Somanna (id=1904)
2026-06-11 23:46:15,129 [INFO]   ↳ sleeping 11.8s
2026-06-11 23:46:26,949 [INFO] [180/543] Fetching constituency listing: https://www.myneta.info/LokSabha2024/index.php?action=show_candidates&constituency_id=180
2026-06-11 23:46:28,447 [INFO]   ✓ Winner: H.D. Kumaraswamy (id=2651)
2026-06-11 23:46:28,449 [INFO]   ↳ sleeping 15.6s
2026-06-11 23:46:44,095 [INFO] [181/543] Fetching constituency listing: https://www.myneta.info/LokSabha2024/index.php?action=show_candidates&constituency_id=181
2026-06-11 23:46:45,533 [INFO]   ✓ Winner: Yaduveer Krishnadatta Chamaraja Wadiyar (id=1900)
2026-06-11 23:46:45,535 [INFO]   ↳ sleeping 19.1s
2026-06-11 23:47:04,620 [INFO] [182/543] Fetching constituency listing: https://www.myneta.info/LokSabha2024/index.php?action=show_candidates&constituency_id=182
2026-06-11 23:47:06,145 [INFO]   ✓ Winner: Sunil Bose (id=2193)
2026-06-11 23:47:06,147 [INFO]   ↳ sleeping 16.5s
2026-06-11 23:47:22,674 [INFO] [183/543] Fetching constituency listing: https://www.myneta.info/LokSabha2024/index.php?action=show_candidates&constituency_id=183
2026-06-11 23:47:24,930 [INFO]   ✓ Winner: Dr C N Manjunath (id=2597)
2026-06-11 23:47:24,934 [INFO]   ↳ sleeping 18.9s
2026-06-11 23:47:43,887 [INFO] [184/543] Fetching constituency listing: https://www.myneta.info/LokSabha2024/index.php?action=show_candidates&constituency_id=184
2026-06-11 23:47:45,308 [INFO]   ✓ Winner: Shobha Karandlaje (id=2178)
2026-06-11 23:47:45,311 [INFO]   ↳ sleeping 17.4s
2026-06-11 23:48:02,754 [INFO] [185/543] Fetching constituency listing: https://www.myneta.info/LokSabha2024/index.php?action=show_candidates&constituency_id=185
2026-06-11 23:48:04,238 [INFO]   ✓ Winner: P C Mohan (id=1866)
2026-06-11 23:48:04,244 [INFO]   ↳ sleeping 15.4s
2026-06-11 23:48:19,690 [INFO] [186/543] Fetching constituency listing: https://www.myneta.info/LokSabha2024/index.php?action=show_candidates&constituency_id=186
2026-06-11 23:48:21,172 [INFO]   ✓ Winner: Tejasvi Surya (id=2629)
2026-06-11 23:48:21,174 [INFO]   ↳ sleeping 15.3s
2026-06-11 23:48:36,515 [INFO] [187/543] Fetching constituency listing: https://www.myneta.info/LokSabha2024/index.php?action=show_candidates&constituency_id=187
2026-06-11 23:48:38,322 [INFO]   ✓ Winner: Dr.K.Sudhakar (id=1881)
2026-06-11 23:48:38,324 [INFO]   ↳ sleeping 19.2s
2026-06-11 23:48:57,573 [INFO] [188/543] Fetching constituency listing: https://www.myneta.info/LokSabha2024/index.php?action=show_candidates&constituency_id=188
2026-06-11 23:48:59,053 [INFO]   ✓ Winner: M. Mallesh Babu (id=1894)
2026-06-11 23:48:59,057 [INFO]   ↳ sleeping 16.2s
2026-06-11 23:49:15,307 [INFO] [189/543] Fetching constituency listing: https://www.myneta.info/LokSabha2024/index.php?action=show_candidates&constituency_id=189
2026-06-11 23:49:16,496 [WARNING]   No winner found for constituency 189
2026-06-11 23:49:16,499 [INFO]   ↳ sleeping 15.9s
2026-06-11 23:49:32,357 [INFO] [190/543] Fetching constituency listing: https://www.myneta.info/LokSabha2024/index.php?action=show_candidates&constituency_id=190
2026-06-11 23:49:33,844 [INFO]   ✓ Winner: Priyanka Satish Jarkiholi (id=4024)
2026-06-11 23:49:33,847 [INFO]   ↳ sleeping 17.5s
2026-06-11 23:49:51,318 [INFO] [191/543] Fetching constituency listing: https://www.myneta.info/LokSabha2024/index.php?action=show_candidates&constituency_id=191
2026-06-11 23:49:52,808 [INFO]   ✓ Winner: Jagadish Shettar (id=3421)
2026-06-11 23:49:52,811 [INFO]   ↳ sleeping 14.5s
2026-06-11 23:50:07,302 [INFO] [192/543] Fetching constituency listing: https://www.myneta.info/LokSabha2024/index.php?action=show_candidates&constituency_id=192
2026-06-11 23:50:08,813 [INFO]   ✓ Winner: Gaddigoudar Parvatgouda Chandangouda (id=3930)
2026-06-11 23:50:08,829 [INFO]   ↳ sleeping 11.3s
2026-06-11 23:50:20,094 [INFO] [193/543] Fetching constituency listing: https://www.myneta.info/LokSabha2024/index.php?action=show_candidates&constituency_id=193
2026-06-11 23:50:21,249 [INFO]   ✓ Winner: Ramesh Jigajinagi (id=3797)
2026-06-11 23:50:21,251 [INFO]   ↳ sleeping 12.9s
2026-06-11 23:50:34,197 [INFO] [194/543] Fetching constituency listing: https://www.myneta.info/LokSabha2024/index.php?action=show_candidates&constituency_id=194
2026-06-11 23:50:35,654 [INFO]   ✓ Winner: Radhakrishna (id=3398)
2026-06-11 23:50:35,657 [INFO]   ↳ sleeping 10.2s
2026-06-11 23:50:45,855 [INFO] [195/543] Fetching constituency listing: https://www.myneta.info/LokSabha2024/index.php?action=show_candidates&constituency_id=195
2026-06-11 23:50:46,600 [INFO]   ✓ Winner: G. Kumar Naik (id=3585)
2026-06-11 23:50:46,604 [INFO]   ↳ sleeping 12.5s
2026-06-11 23:50:59,115 [INFO] [196/543] Fetching constituency listing: https://www.myneta.info/LokSabha2024/index.php?action=show_candidates&constituency_id=196
2026-06-11 23:51:00,558 [INFO]   ✓ Winner: Sagar Eshwar Khandre (id=3793)
2026-06-11 23:51:00,560 [INFO]   ↳ sleeping 13.0s
2026-06-11 23:51:13,607 [INFO] [197/543] Fetching constituency listing: https://www.myneta.info/LokSabha2024/index.php?action=show_candidates&constituency_id=197
2026-06-11 23:51:16,095 [INFO]   ✓ Winner: K. Rajashekar Basavaraj Hitnal (id=3400)
2026-06-11 23:51:16,099 [INFO]   ↳ sleeping 14.0s
2026-06-11 23:51:30,115 [INFO] [198/543] Fetching constituency listing: https://www.myneta.info/LokSabha2024/index.php?action=show_candidates&constituency_id=198
2026-06-11 23:51:31,321 [INFO]   ✓ Winner: E. Tukaram (id=3386)
2026-06-11 23:51:31,322 [INFO]   ↳ sleeping 10.4s
2026-06-11 23:51:41,681 [INFO] [199/543] Fetching constituency listing: https://www.myneta.info/LokSabha2024/index.php?action=show_candidates&constituency_id=199
2026-06-11 23:51:42,494 [INFO]   ✓ Winner: Basavaraj Bommai (id=3579)
2026-06-11 23:51:42,498 [INFO]   ↳ sleeping 19.4s
2026-06-11 23:52:01,867 [INFO] [200/543] Fetching constituency listing: https://www.myneta.info/LokSabha2024/index.php?action=show_candidates&constituency_id=200
2026-06-11 23:52:03,306 [INFO]   ✓ Winner: Pralhad Joshi (id=3567)
2026-06-11 23:52:03,307 [INFO]   ↳ sleeping 12.6s
2026-06-11 23:52:15,868 [INFO] [201/543] Fetching constituency listing: https://www.myneta.info/LokSabha2024/index.php?action=show_candidates&constituency_id=201
2026-06-11 23:52:17,426 [INFO]   ✓ Winner: Hegde Vishweshwar (id=3407)
2026-06-11 23:52:17,429 [INFO]   ↳ sleeping 12.5s
2026-06-11 23:52:29,965 [INFO] [202/543] Fetching constituency listing: https://www.myneta.info/LokSabha2024/index.php?action=show_candidates&constituency_id=202
2026-06-11 23:52:31,529 [INFO]   ✓ Winner: Dr. Prabha Mallikarjun (id=3393)
2026-06-11 23:52:31,532 [INFO]   ↳ sleeping 12.2s
2026-06-11 23:52:43,725 [INFO] [203/543] Fetching constituency listing: https://www.myneta.info/LokSabha2024/index.php?action=show_candidates&constituency_id=203
2026-06-11 23:52:45,217 [INFO]   ✓ Winner: B.Y.Raghavendra (id=4005)
2026-06-11 23:52:45,219 [INFO]   ↳ sleeping 10.8s
2026-06-11 23:52:56,054 [INFO] [204/543] Fetching constituency listing: https://www.myneta.info/LokSabha2024/index.php?action=show_candidates&constituency_id=204
2026-06-11 23:52:56,788 [WARNING]   No winner found for constituency 204
2026-06-11 23:52:56,793 [INFO]   ↳ sleeping 17.9s
2026-06-11 23:53:14,709 [INFO] [205/543] Fetching constituency listing: https://www.myneta.info/LokSabha2024/index.php?action=show_candidates&constituency_id=205
2026-06-11 23:53:15,939 [INFO]   ✓ Winner: Rajmohan Unnithan (id=2287)
2026-06-11 23:53:15,941 [INFO]   ↳ sleeping 12.2s
2026-06-11 23:53:28,177 [INFO] [206/543] Fetching constituency listing: https://www.myneta.info/LokSabha2024/index.php?action=show_candidates&constituency_id=206
2026-06-11 23:53:29,681 [INFO]   ✓ Winner: K. Sudhakaran (id=2279)
2026-06-11 23:53:29,684 [INFO]   ↳ sleeping 10.1s
2026-06-11 23:53:39,743 [INFO] [207/543] Fetching constituency listing: https://www.myneta.info/LokSabha2024/index.php?action=show_candidates&constituency_id=207
2026-06-11 23:53:40,462 [INFO]   ✓ Winner: Shafi Parambil (id=3121)
2026-06-11 23:53:40,465 [INFO]   ↳ sleeping 12.5s
2026-06-11 23:53:52,960 [INFO] [208/543] Fetching constituency listing: https://www.myneta.info/LokSabha2024/index.php?action=show_candidates&constituency_id=208
2026-06-11 23:53:54,111 [INFO]   ✓ Winner: Rahul Gandhi (id=2195)
2026-06-11 23:53:54,113 [INFO]   ↳ sleeping 18.6s
2026-06-11 23:54:12,727 [INFO] [209/543] Fetching constituency listing: https://www.myneta.info/LokSabha2024/index.php?action=show_candidates&constituency_id=209
2026-06-11 23:54:13,920 [INFO]   ✓ Winner: M. K. Raghavan (id=1855)
2026-06-11 23:54:13,922 [INFO]   ↳ sleeping 10.6s
2026-06-11 23:54:24,535 [INFO] [210/543] Fetching constituency listing: https://www.myneta.info/LokSabha2024/index.php?action=show_candidates&constituency_id=210
2026-06-11 23:54:25,905 [INFO]   ✓ Winner: E.T. Mohammed Basheer (id=2303)
2026-06-11 23:54:25,907 [INFO]   ↳ sleeping 15.2s
2026-06-11 23:54:41,079 [INFO] [211/543] Fetching constituency listing: https://www.myneta.info/LokSabha2024/index.php?action=show_candidates&constituency_id=211
2026-06-11 23:54:42,232 [INFO]   ✓ Winner: Dr. M.P Abdussamad Samadani (id=2310)
2026-06-11 23:54:42,233 [INFO]   ↳ sleeping 11.2s
2026-06-11 23:54:53,468 [INFO] [212/543] Fetching constituency listing: https://www.myneta.info/LokSabha2024/index.php?action=show_candidates&constituency_id=212
2026-06-11 23:54:54,660 [INFO]   ✓ Winner: V K Sreekandan (id=2305)
2026-06-11 23:54:54,661 [INFO]   ↳ sleeping 15.7s
2026-06-11 23:55:10,323 [INFO] [213/543] Fetching constituency listing: https://www.myneta.info/LokSabha2024/index.php?action=show_candidates&constituency_id=213
2026-06-11 23:55:11,575 [INFO]   ✓ Winner: K.Radhakrishnan (id=2268)
2026-06-11 23:55:11,580 [INFO]   ↳ sleeping 15.2s
2026-06-11 23:55:26,801 [INFO] [214/543] Fetching constituency listing: https://www.myneta.info/LokSabha2024/index.php?action=show_candidates&constituency_id=214
2026-06-11 23:55:27,969 [INFO]   ✓ Winner: Suresh Gopi (id=2125)
2026-06-11 23:55:27,971 [INFO]   ↳ sleeping 10.9s
2026-06-11 23:55:38,873 [INFO] [215/543] Fetching constituency listing: https://www.myneta.info/LokSabha2024/index.php?action=show_candidates&constituency_id=215
2026-06-11 23:55:40,024 [INFO]   ✓ Winner: Benny Behanan (id=2272)
2026-06-11 23:55:40,025 [INFO]   ↳ sleeping 12.5s
2026-06-11 23:55:52,500 [INFO] [216/543] Fetching constituency listing: https://www.myneta.info/LokSabha2024/index.php?action=show_candidates&constituency_id=216
2026-06-11 23:55:53,691 [INFO]   ✓ Winner: Hibi Eden (id=3093)
2026-06-11 23:55:53,693 [INFO]   ↳ sleeping 19.6s
2026-06-11 23:56:13,264 [INFO] [217/543] Fetching constituency listing: https://www.myneta.info/LokSabha2024/index.php?action=show_candidates&constituency_id=217
2026-06-11 23:56:14,460 [INFO]   ✓ Winner: Adv. Dean Kuriakose (id=2275)
2026-06-11 23:56:14,463 [INFO]   ↳ sleeping 13.8s
2026-06-11 23:56:28,238 [INFO] [218/543] Fetching constituency listing: https://www.myneta.info/LokSabha2024/index.php?action=show_candidates&constituency_id=218
2026-06-11 23:56:29,676 [INFO]   ✓ Winner: Adv K Francis George (id=3137)
2026-06-11 23:56:29,678 [INFO]   ↳ sleeping 13.1s
2026-06-11 23:56:42,743 [INFO] [219/543] Fetching constituency listing: https://www.myneta.info/LokSabha2024/index.php?action=show_candidates&constituency_id=219
2026-06-11 23:56:43,906 [WARNING]   No winner found for constituency 219
2026-06-11 23:56:43,909 [INFO]   ↳ sleeping 17.4s
2026-06-11 23:57:01,352 [INFO] [220/543] Fetching constituency listing: https://www.myneta.info/LokSabha2024/index.php?action=show_candidates&constituency_id=220
2026-06-11 23:57:02,515 [INFO]   ✓ Winner: K. C Venugopal (id=3079)
2026-06-11 23:57:02,518 [INFO]   ↳ sleeping 15.7s
2026-06-11 23:57:18,189 [INFO] [221/543] Fetching constituency listing: https://www.myneta.info/LokSabha2024/index.php?action=show_candidates&constituency_id=221
2026-06-11 23:57:19,338 [INFO]   ✓ Winner: Kodikunnil Suresh (id=3127)
2026-06-11 23:57:19,340 [INFO]   ↳ sleeping 11.2s
2026-06-11 23:57:30,503 [INFO] [222/543] Fetching constituency listing: https://www.myneta.info/LokSabha2024/index.php?action=show_candidates&constituency_id=222
2026-06-11 23:57:31,686 [INFO]   ✓ Winner: Anto Antony (id=2309)
2026-06-11 23:57:31,688 [INFO]   ↳ sleeping 18.2s
2026-06-11 23:57:49,883 [INFO] [223/543] Fetching constituency listing: https://www.myneta.info/LokSabha2024/index.php?action=show_candidates&constituency_id=223
2026-06-11 23:57:51,313 [INFO]   ✓ Winner: N K Premachandran (id=3132)
2026-06-11 23:57:51,315 [INFO]   ↳ sleeping 19.6s
2026-06-11 23:58:10,876 [INFO] [224/543] Fetching constituency listing: https://www.myneta.info/LokSabha2024/index.php?action=show_candidates&constituency_id=224
2026-06-11 23:58:12,080 [INFO]   ✓ Winner: Adv Adoor Prakash (id=3084)
2026-06-11 23:58:12,083 [INFO]   ↳ sleeping 17.4s
2026-06-11 23:58:29,509 [INFO] [225/543] Fetching constituency listing: https://www.myneta.info/LokSabha2024/index.php?action=show_candidates&constituency_id=225
2026-06-11 23:58:30,660 [INFO]   ✓ Winner: Shashi Tharoor (id=2313)
2026-06-11 23:58:30,661 [INFO]   ↳ sleeping 14.5s
2026-06-11 23:58:45,170 [INFO] [226/543] Fetching constituency listing: https://www.myneta.info/LokSabha2024/index.php?action=show_candidates&constituency_id=226
2026-06-11 23:58:46,332 [INFO]   ✓ Winner: Mohmad Haneefa (id=7512)
2026-06-11 23:58:46,333 [INFO]   ↳ sleeping 14.8s
2026-06-11 23:59:01,086 [INFO] [227/543] Fetching constituency listing: https://www.myneta.info/LokSabha2024/index.php?action=show_candidates&constituency_id=227
2026-06-11 23:59:02,235 [INFO]   ✓ Winner: Muhammed Hamdullah Sayeed (id=764)
2026-06-11 23:59:02,237 [INFO]   ↳ sleeping 10.6s
2026-06-11 23:59:12,872 [INFO] [228/543] Fetching constituency listing: https://www.myneta.info/LokSabha2024/index.php?action=show_candidates&constituency_id=228
2026-06-11 23:59:14,316 [INFO]   ✓ Winner: Dr. Rajesh Mishra (id=1)
2026-06-11 23:59:14,319 [INFO]   ↳ sleeping 11.0s
2026-06-11 23:59:25,314 [INFO] [229/543] Fetching constituency listing: https://www.myneta.info/LokSabha2024/index.php?action=show_candidates&constituency_id=229
2026-06-11 23:59:26,461 [INFO]   ✓ Winner: Smt. Himadri Singh (id=3)
2026-06-11 23:59:26,462 [INFO]   ↳ sleeping 11.7s
2026-06-11 23:59:38,138 [INFO] [230/543] Fetching constituency listing: https://www.myneta.info/LokSabha2024/index.php?action=show_candidates&constituency_id=230
2026-06-11 23:59:39,648 [INFO]   ✓ Winner: Ashish Dubey (id=240)
2026-06-11 23:59:39,651 [INFO]   ↳ sleeping 17.7s
2026-06-11 23:59:57,328 [INFO] [231/543] Fetching constituency listing: https://www.myneta.info/LokSabha2024/index.php?action=show_candidates&constituency_id=231
2026-06-11 23:59:58,836 [INFO]   ✓ Winner: Faggan Singh Kulaste (id=7)
2026-06-11 23:59:58,840 [INFO]   ↳ sleeping 16.3s
2026-06-12 00:00:15,184 [INFO] [232/543] Fetching constituency listing: https://www.myneta.info/LokSabha2024/index.php?action=show_candidates&constituency_id=232
2026-06-12 00:00:16,664 [INFO]   ✓ Winner: Bharti Pardhi (id=45)
2026-06-12 00:00:16,668 [INFO]   ↳ sleeping 16.7s
2026-06-12 00:00:33,416 [INFO] [233/543] Fetching constituency listing: https://www.myneta.info/LokSabha2024/index.php?action=show_candidates&constituency_id=233
2026-06-12 00:00:34,849 [INFO]   ✓ Winner: Bunty Vivek Sahu (id=587)
2026-06-12 00:00:34,852 [INFO]   ↳ sleeping 10.6s
2026-06-12 00:00:45,462 [INFO] [234/543] Fetching constituency listing: https://www.myneta.info/LokSabha2024/index.php?action=show_candidates&constituency_id=234
2026-06-12 00:00:46,217 [INFO]   ✓ Winner: Dr. Virendra Kumar (id=2473)
2026-06-12 00:00:46,220 [INFO]   ↳ sleeping 10.9s
2026-06-12 00:00:57,091 [INFO] [235/543] Fetching constituency listing: https://www.myneta.info/LokSabha2024/index.php?action=show_candidates&constituency_id=235
2026-06-12 00:00:58,244 [INFO]   ✓ Winner: Rahul Singh Lodhi (id=1831)
2026-06-12 00:00:58,246 [INFO]   ↳ sleeping 18.2s
2026-06-12 00:01:16,485 [INFO] [236/543] Fetching constituency listing: https://www.myneta.info/LokSabha2024/index.php?action=show_candidates&constituency_id=236
2026-06-12 00:01:17,911 [INFO]   ✓ Winner: Vishnu Datt Sharma (V.D.Sharma) (id=2455)
2026-06-12 00:01:17,914 [INFO]   ↳ sleeping 18.3s
2026-06-12 00:01:36,241 [INFO] [237/543] Fetching constituency listing: https://www.myneta.info/LokSabha2024/index.php?action=show_candidates&constituency_id=237
2026-06-12 00:01:37,748 [INFO]   ✓ Winner: Ganesh Singh (id=1836)
2026-06-12 00:01:37,751 [INFO]   ↳ sleeping 15.0s
2026-06-12 00:01:52,758 [INFO] [238/543] Fetching constituency listing: https://www.myneta.info/LokSabha2024/index.php?action=show_candidates&constituency_id=238
2026-06-12 00:01:54,231 [INFO]   ✓ Winner: Janardan Mishra S/O Ramdhar Prasad Mishra (id=2094)
2026-06-12 00:01:54,234 [INFO]   ↳ sleeping 12.6s
2026-06-12 00:02:06,879 [INFO] [239/543] Fetching constituency listing: https://www.myneta.info/LokSabha2024/index.php?action=show_candidates&constituency_id=239
2026-06-12 00:02:08,067 [INFO]   ✓ Winner: Darshan Singh Choudhary (id=1833)
2026-06-12 00:02:08,069 [INFO]   ↳ sleeping 14.1s
2026-06-12 00:02:22,199 [INFO] [240/543] Fetching constituency listing: https://www.myneta.info/LokSabha2024/index.php?action=show_candidates&constituency_id=240
2026-06-12 00:02:23,350 [INFO]   ✓ Winner: Durgadas (D. D.) Uikey (id=1830)
2026-06-12 00:02:23,352 [INFO]   ↳ sleeping 14.0s
2026-06-12 00:02:37,328 [INFO] [241/543] Fetching constituency listing: https://www.myneta.info/LokSabha2024/index.php?action=show_candidates&constituency_id=241
2026-06-12 00:02:38,796 [INFO]   ✓ Winner: Shivmangal Singh Tomar (id=3618)
2026-06-12 00:02:38,798 [INFO]   ↳ sleeping 14.6s
2026-06-12 00:02:53,441 [INFO] [242/543] Fetching constituency listing: https://www.myneta.info/LokSabha2024/index.php?action=show_candidates&constituency_id=242
2026-06-12 00:02:54,597 [WARNING]   No winner found for constituency 242
2026-06-12 00:02:54,599 [INFO]   ↳ sleeping 17.4s
2026-06-12 00:03:12,017 [INFO] [243/543] Fetching constituency listing: https://www.myneta.info/LokSabha2024/index.php?action=show_candidates&constituency_id=243
2026-06-12 00:03:13,220 [INFO]   ✓ Winner: Sandhya Ray (id=4175)
2026-06-12 00:03:13,223 [INFO]   ↳ sleeping 10.1s
2026-06-12 00:03:23,373 [INFO] [244/543] Fetching constituency listing: https://www.myneta.info/LokSabha2024/index.php?action=show_candidates&constituency_id=244
2026-06-12 00:03:24,855 [INFO]   ✓ Winner: Bharat Singh Kushwah (id=3554)
2026-06-12 00:03:24,858 [INFO]   ↳ sleeping 13.2s
2026-06-12 00:03:38,093 [INFO] [245/543] Fetching constituency listing: https://www.myneta.info/LokSabha2024/index.php?action=show_candidates&constituency_id=245
2026-06-12 00:03:39,655 [INFO]   ✓ Winner: Jyotiraditya M. Scindia (id=3613)
2026-06-12 00:03:39,658 [INFO]   ↳ sleeping 17.2s
2026-06-12 00:03:56,897 [INFO] [246/543] Fetching constituency listing: https://www.myneta.info/LokSabha2024/index.php?action=show_candidates&constituency_id=246
2026-06-12 00:03:58,101 [INFO]   ✓ Winner: Dr. Lata Wankhede (id=3547)
2026-06-12 00:03:58,103 [INFO]   ↳ sleeping 15.6s
2026-06-12 00:04:13,752 [INFO] [247/543] Fetching constituency listing: https://www.myneta.info/LokSabha2024/index.php?action=show_candidates&constituency_id=247
2026-06-12 00:04:15,248 [INFO]   ✓ Winner: Shivraj Singh Chouhan (id=4448)
2026-06-12 00:04:15,250 [INFO]   ↳ sleeping 20.0s
2026-06-12 00:04:35,242 [INFO] [248/543] Fetching constituency listing: https://www.myneta.info/LokSabha2024/index.php?action=show_candidates&constituency_id=248
2026-06-12 00:04:36,741 [INFO]   ✓ Winner: Alok Sharma (id=3941)
2026-06-12 00:04:36,742 [INFO]   ↳ sleeping 13.9s
2026-06-12 00:04:50,619 [INFO] [249/543] Fetching constituency listing: https://www.myneta.info/LokSabha2024/index.php?action=show_candidates&constituency_id=249
2026-06-12 00:04:52,155 [INFO]   ✓ Winner: Rodmal Nagar (id=3553)
2026-06-12 00:04:52,158 [INFO]   ↳ sleeping 17.8s
2026-06-12 00:05:09,948 [INFO] [250/543] Fetching constituency listing: https://www.myneta.info/LokSabha2024/index.php?action=show_candidates&constituency_id=250
2026-06-12 00:05:11,139 [INFO]   ✓ Winner: Mahendra Singh Solanky (id=5160)
2026-06-12 00:05:11,141 [INFO]   ↳ sleeping 17.8s
2026-06-12 00:05:28,958 [INFO] [251/543] Fetching constituency listing: https://www.myneta.info/LokSabha2024/index.php?action=show_candidates&constituency_id=251
2026-06-12 00:05:30,107 [INFO]   ✓ Winner: Anil Firojiya (id=5170)
2026-06-12 00:05:30,109 [INFO]   ↳ sleeping 16.6s
2026-06-12 00:05:46,735 [INFO] [252/543] Fetching constituency listing: https://www.myneta.info/LokSabha2024/index.php?action=show_candidates&constituency_id=252
2026-06-12 00:05:47,928 [INFO]   ✓ Winner: Sudheer Gupta (id=5064)
2026-06-12 00:05:47,929 [INFO]   ↳ sleeping 14.9s
2026-06-12 00:06:02,866 [INFO] [253/543] Fetching constituency listing: https://www.myneta.info/LokSabha2024/index.php?action=show_candidates&constituency_id=253
2026-06-12 00:06:04,380 [INFO]   ✓ Winner: Anita Nagarsingh Chouhan (id=5066)
2026-06-12 00:06:04,386 [INFO]   ↳ sleeping 19.2s
2026-06-12 00:06:23,602 [INFO] [254/543] Fetching constituency listing: https://www.myneta.info/LokSabha2024/index.php?action=show_candidates&constituency_id=254
2026-06-12 00:06:24,752 [INFO]   ✓ Winner: Savitri Thakur (id=5162)
2026-06-12 00:06:24,754 [INFO]   ↳ sleeping 12.9s
2026-06-12 00:06:37,630 [INFO] [255/543] Fetching constituency listing: https://www.myneta.info/LokSabha2024/index.php?action=show_candidates&constituency_id=255
2026-06-12 00:06:39,112 [INFO]   ✓ Winner: Shankar Lalwani (id=5163)
2026-06-12 00:06:39,114 [INFO]   ↳ sleeping 16.0s
2026-06-12 00:06:55,091 [INFO] [256/543] Fetching constituency listing: https://www.myneta.info/LokSabha2024/index.php?action=show_candidates&constituency_id=256
2026-06-12 00:06:56,239 [INFO]   ✓ Winner: Gajendra Singh Patel (id=6416)
2026-06-12 00:06:56,240 [INFO]   ↳ sleeping 16.7s
2026-06-12 00:07:12,994 [INFO] [257/543] Fetching constituency listing: https://www.myneta.info/LokSabha2024/index.php?action=show_candidates&constituency_id=257
2026-06-12 00:07:14,381 [WARNING]   No winner found for constituency 257
2026-06-12 00:07:14,386 [INFO]   ↳ sleeping 14.8s
2026-06-12 00:07:29,236 [INFO] [258/543] Fetching constituency listing: https://www.myneta.info/LokSabha2024/index.php?action=show_candidates&constituency_id=258
2026-06-12 00:07:30,444 [INFO]   ✓ Winner: Gyaneshwar Patil (id=5069)
2026-06-12 00:07:30,446 [INFO]   ↳ sleeping 11.8s
2026-06-12 00:07:42,246 [INFO] [259/543] Fetching constituency listing: https://www.myneta.info/LokSabha2024/index.php?action=show_candidates&constituency_id=259
2026-06-12 00:07:43,739 [INFO]   ✓ Winner: Shyamkumar Daulat Barve (id=675)
2026-06-12 00:07:43,742 [INFO]   ↳ sleeping 11.5s
2026-06-12 00:07:55,296 [INFO] [260/543] Fetching constituency listing: https://www.myneta.info/LokSabha2024/index.php?action=show_candidates&constituency_id=260
2026-06-12 00:07:56,849 [INFO]   ✓ Winner: Nitin Jairam Gadkari (id=329)
2026-06-12 00:07:56,852 [INFO]   ↳ sleeping 11.5s
2026-06-12 00:08:08,376 [INFO] [261/543] Fetching constituency listing: https://www.myneta.info/LokSabha2024/index.php?action=show_candidates&constituency_id=261
2026-06-12 00:08:09,818 [INFO]   ✓ Winner: Dr. Prashant Yadaorao Padole (id=313)
2026-06-12 00:08:09,821 [INFO]   ↳ sleeping 14.4s
2026-06-12 00:08:24,175 [INFO] [262/543] Fetching constituency listing: https://www.myneta.info/LokSabha2024/index.php?action=show_candidates&constituency_id=262
2026-06-12 00:08:25,362 [INFO]   ✓ Winner: Dr. Kirsan Namdeo (id=317)
2026-06-12 00:08:25,364 [INFO]   ↳ sleeping 16.7s
2026-06-12 00:08:42,054 [INFO] [263/543] Fetching constituency listing: https://www.myneta.info/LokSabha2024/index.php?action=show_candidates&constituency_id=263
2026-06-12 00:08:43,529 [INFO]   ✓ Winner: Dhanorkar Pratibha Suresh Alias Balubhau (id=300)
2026-06-12 00:08:43,532 [INFO]   ↳ sleeping 13.1s
2026-06-12 00:08:56,662 [INFO] [264/543] Fetching constituency listing: https://www.myneta.info/LokSabha2024/index.php?action=show_candidates&constituency_id=264
2026-06-12 00:08:58,114 [INFO]   ✓ Winner: Jadhav Prataprao Ganpatrao (id=1958)
2026-06-12 00:08:58,117 [INFO]   ↳ sleeping 15.9s
2026-06-12 00:09:14,044 [INFO] [265/543] Fetching constituency listing: https://www.myneta.info/LokSabha2024/index.php?action=show_candidates&constituency_id=265
2026-06-12 00:09:15,477 [INFO]   ✓ Winner: Anup Sanjay Dhotre (id=2367)
2026-06-12 00:09:15,480 [INFO]   ↳ sleeping 13.7s
2026-06-12 00:09:29,209 [INFO] [266/543] Fetching constituency listing: https://www.myneta.info/LokSabha2024/index.php?action=show_candidates&constituency_id=266
2026-06-12 00:09:30,988 [INFO]   ✓ Winner: Balwant Baswant Wankhade (id=1120)
2026-06-12 00:09:30,991 [INFO]   ↳ sleeping 13.7s
2026-06-12 00:09:44,716 [INFO] [267/543] Fetching constituency listing: https://www.myneta.info/LokSabha2024/index.php?action=show_candidates&constituency_id=267
2026-06-12 00:09:46,503 [INFO]   ✓ Winner: Amar Sharadrao Kale (id=1969)
2026-06-12 00:09:46,506 [INFO]   ↳ sleeping 12.1s
2026-06-12 00:09:58,661 [INFO] [268/543] Fetching constituency listing: https://www.myneta.info/LokSabha2024/index.php?action=show_candidates&constituency_id=268
2026-06-12 00:10:00,088 [INFO]   ✓ Winner: Sanjay Uttamrao Deshmukh (id=1978)
2026-06-12 00:10:00,090 [INFO]   ↳ sleeping 17.5s
2026-06-12 00:10:17,554 [INFO] [269/543] Fetching constituency listing: https://www.myneta.info/LokSabha2024/index.php?action=show_candidates&constituency_id=269
2026-06-12 00:10:19,429 [INFO]   ✓ Winner: Aashtikar Patil Nagesh Bapurao (id=2408)
2026-06-12 00:10:19,433 [INFO]   ↳ sleeping 19.9s
2026-06-12 00:10:39,363 [INFO] [270/543] Fetching constituency listing: https://www.myneta.info/LokSabha2024/index.php?action=show_candidates&constituency_id=270
2026-06-12 00:10:40,859 [INFO]   ✓ Winner: Vasantrao Balwantrao Chavan (id=1782)
2026-06-12 00:10:40,861 [INFO]   ↳ sleeping 18.4s
2026-06-12 00:10:59,310 [INFO] [271/543] Fetching constituency listing: https://www.myneta.info/LokSabha2024/index.php?action=show_candidates&constituency_id=271
2026-06-12 00:11:01,103 [INFO]   ✓ Winner: Jadhav Sanjay ( Bandu ) Haribhau (id=2435)
2026-06-12 00:11:01,107 [INFO]   ↳ sleeping 14.9s
2026-06-12 00:11:15,974 [INFO] [272/543] Fetching constituency listing: https://www.myneta.info/LokSabha2024/index.php?action=show_candidates&constituency_id=272
2026-06-12 00:11:17,450 [INFO]   ✓ Winner: Tatkare Sunil Dattatrey (id=4319)
2026-06-12 00:11:17,452 [INFO]   ↳ sleeping 14.1s
2026-06-12 00:11:31,519 [INFO] [273/543] Fetching constituency listing: https://www.myneta.info/LokSabha2024/index.php?action=show_candidates&constituency_id=273
2026-06-12 00:11:32,647 [WARNING]   No winner found for constituency 273
2026-06-12 00:11:32,651 [INFO]   ↳ sleeping 15.1s
2026-06-12 00:11:47,803 [INFO] [274/543] Fetching constituency listing: https://www.myneta.info/LokSabha2024/index.php?action=show_candidates&constituency_id=274
2026-06-12 00:11:49,604 [INFO]   ✓ Winner: Supriya Sule (id=4316)
2026-06-12 00:11:49,606 [INFO]   ↳ sleeping 17.5s
2026-06-12 00:12:07,150 [INFO] [275/543] Fetching constituency listing: https://www.myneta.info/LokSabha2024/index.php?action=show_candidates&constituency_id=275
2026-06-12 00:12:08,941 [INFO]   ✓ Winner: Omprakash Bhupalsinh Alias Pavan Rajenimbalkar (id=3849)
2026-06-12 00:12:08,943 [INFO]   ↳ sleeping 15.5s
2026-06-12 00:12:24,476 [INFO] [276/543] Fetching constituency listing: https://www.myneta.info/LokSabha2024/index.php?action=show_candidates&constituency_id=276
2026-06-12 00:12:26,256 [INFO]   ✓ Winner: Dr. Kalge Shivaji Bandappa (id=4318)
2026-06-12 00:12:26,259 [INFO]   ↳ sleeping 19.8s
2026-06-12 00:12:46,067 [INFO] [277/543] Fetching constituency listing: https://www.myneta.info/LokSabha2024/index.php?action=show_candidates&constituency_id=277
2026-06-12 00:12:47,579 [INFO]   ✓ Winner: Praniti Sushilkumar Shinde (id=4321)
2026-06-12 00:12:47,582 [INFO]   ↳ sleeping 16.4s
2026-06-12 00:13:03,987 [INFO] [278/543] Fetching constituency listing: https://www.myneta.info/LokSabha2024/index.php?action=show_candidates&constituency_id=278
2026-06-12 00:13:05,759 [INFO]   ✓ Winner: Mohite-Patil Dhairyasheel Rajsinh (id=4929)
2026-06-12 00:13:05,763 [INFO]   ↳ sleeping 11.0s
2026-06-12 00:13:16,760 [INFO] [279/543] Fetching constituency listing: https://www.myneta.info/LokSabha2024/index.php?action=show_candidates&constituency_id=279
2026-06-12 00:13:18,271 [INFO]   ✓ Winner: Vishal (Dada) Prakashbapu Patil (id=3856)
2026-06-12 00:13:18,273 [INFO]   ↳ sleeping 19.9s
2026-06-12 00:13:38,177 [INFO] [280/543] Fetching constituency listing: https://www.myneta.info/LokSabha2024/index.php?action=show_candidates&constituency_id=280
2026-06-12 00:13:39,619 [INFO]   ✓ Winner: Shrimant Chh Udayanraje Pratapsinhamaharaj Bhonsle (id=4320)
2026-06-12 00:13:39,622 [INFO]   ↳ sleeping 12.5s
2026-06-12 00:13:52,140 [INFO] [281/543] Fetching constituency listing: https://www.myneta.info/LokSabha2024/index.php?action=show_candidates&constituency_id=281
2026-06-12 00:13:53,340 [INFO]   ✓ Winner: Narayan Tatu Rane (id=4619)
2026-06-12 00:13:53,342 [INFO]   ↳ sleeping 18.4s
2026-06-12 00:14:11,769 [INFO] [282/543] Fetching constituency listing: https://www.myneta.info/LokSabha2024/index.php?action=show_candidates&constituency_id=282
2026-06-12 00:14:13,212 [INFO]   ✓ Winner: Chhatrapati Shahu Shahaji (id=3847)
2026-06-12 00:14:13,215 [INFO]   ↳ sleeping 11.1s
2026-06-12 00:14:24,345 [INFO] [283/543] Fetching constituency listing: https://www.myneta.info/LokSabha2024/index.php?action=show_candidates&constituency_id=283
2026-06-12 00:14:25,790 [INFO]   ✓ Winner: Dhairyasheel Sambhajirao Mane (id=3537)
2026-06-12 00:14:25,792 [INFO]   ↳ sleeping 18.9s
2026-06-12 00:14:44,719 [INFO] [284/543] Fetching constituency listing: https://www.myneta.info/LokSabha2024/index.php?action=show_candidates&constituency_id=284
2026-06-12 00:14:45,874 [INFO]   ✓ Winner: Adv Gowaal Kagada Padavi (id=6007)
2026-06-12 00:14:45,876 [INFO]   ↳ sleeping 11.1s
2026-06-12 00:14:56,943 [INFO] [285/543] Fetching constituency listing: https://www.myneta.info/LokSabha2024/index.php?action=show_candidates&constituency_id=285
2026-06-12 00:14:58,418 [INFO]   ✓ Winner: Smita Uday Wagh (id=5317)
2026-06-12 00:14:58,420 [INFO]   ↳ sleeping 12.5s
2026-06-12 00:15:10,941 [INFO] [286/543] Fetching constituency listing: https://www.myneta.info/LokSabha2024/index.php?action=show_candidates&constituency_id=286
2026-06-12 00:15:12,466 [INFO]   ✓ Winner: Khadse Raksha Nikhil (id=6921)
2026-06-12 00:15:12,469 [INFO]   ↳ sleeping 15.8s
2026-06-12 00:15:28,235 [INFO] [287/543] Fetching constituency listing: https://www.myneta.info/LokSabha2024/index.php?action=show_candidates&constituency_id=287
2026-06-12 00:15:29,677 [INFO]   ✓ Winner: Kalyan Vaijinathrao Kale (id=5320)
2026-06-12 00:15:29,679 [INFO]   ↳ sleeping 19.3s
2026-06-12 00:15:48,968 [INFO] [288/543] Fetching constituency listing: https://www.myneta.info/LokSabha2024/index.php?action=show_candidates&constituency_id=288
2026-06-12 00:15:50,108 [WARNING]   No winner found for constituency 288
2026-06-12 00:15:50,110 [INFO]   ↳ sleeping 18.7s
2026-06-12 00:16:08,770 [INFO] [289/543] Fetching constituency listing: https://www.myneta.info/LokSabha2024/index.php?action=show_candidates&constituency_id=289
2026-06-12 00:16:10,558 [INFO]   ✓ Winner: Bhumare Sandipanrao Asaram (id=5323)
2026-06-12 00:16:10,562 [INFO]   ↳ sleeping 17.6s
2026-06-12 00:16:28,181 [INFO] [290/543] Fetching constituency listing: https://www.myneta.info/LokSabha2024/index.php?action=show_candidates&constituency_id=290
2026-06-12 00:16:29,909 [INFO]   ✓ Winner: Shrirang Appa Chandu Barne (id=5325)
2026-06-12 00:16:29,911 [INFO]   ↳ sleeping 10.5s
2026-06-12 00:16:40,373 [INFO] [291/543] Fetching constituency listing: https://www.myneta.info/LokSabha2024/index.php?action=show_candidates&constituency_id=291
2026-06-12 00:16:41,346 [INFO]   ✓ Winner: Murlidhar Mohol (id=6044)
2026-06-12 00:16:41,348 [INFO]   ↳ sleeping 11.7s
2026-06-12 00:16:53,018 [INFO] [292/543] Fetching constituency listing: https://www.myneta.info/LokSabha2024/index.php?action=show_candidates&constituency_id=292
2026-06-12 00:16:54,737 [INFO]   ✓ Winner: Dr. Amol Ramsing Kolhe (id=5327)
2026-06-12 00:16:54,739 [INFO]   ↳ sleeping 13.4s
2026-06-12 00:17:08,119 [INFO] [293/543] Fetching constituency listing: https://www.myneta.info/LokSabha2024/index.php?action=show_candidates&constituency_id=293
2026-06-12 00:17:10,473 [INFO]   ✓ Winner: Nilesh Dnyandev Lanke (id=5328)
2026-06-12 00:17:10,478 [INFO]   ↳ sleeping 17.1s
2026-06-12 00:17:27,550 [INFO] [294/543] Fetching constituency listing: https://www.myneta.info/LokSabha2024/index.php?action=show_candidates&constituency_id=294
2026-06-12 00:17:29,068 [INFO]   ✓ Winner: Bhausaheb Rajaram Wakchaure (id=5331)
2026-06-12 00:17:29,072 [INFO]   ↳ sleeping 15.7s
2026-06-12 00:17:44,824 [INFO] [295/543] Fetching constituency listing: https://www.myneta.info/LokSabha2024/index.php?action=show_candidates&constituency_id=295
2026-06-12 00:17:46,602 [INFO]   ✓ Winner: Bajrang Manohar Sonwane (id=5333)
2026-06-12 00:17:46,604 [INFO]   ↳ sleeping 11.5s
2026-06-12 00:17:58,144 [INFO] [296/543] Fetching constituency listing: https://www.myneta.info/LokSabha2024/index.php?action=show_candidates&constituency_id=296
2026-06-12 00:17:59,647 [INFO]   ✓ Winner: Bachhav Shobha Dinesh (id=7088)
2026-06-12 00:17:59,650 [INFO]   ↳ sleeping 10.4s
2026-06-12 00:18:10,039 [INFO] [297/543] Fetching constituency listing: https://www.myneta.info/LokSabha2024/index.php?action=show_candidates&constituency_id=297
2026-06-12 00:18:10,760 [INFO]   ✓ Winner: Bhaskar Murlidhar Bhagare (id=7089)
2026-06-12 00:18:10,765 [INFO]   ↳ sleeping 16.9s
2026-06-12 00:18:27,691 [INFO] [298/543] Fetching constituency listing: https://www.myneta.info/LokSabha2024/index.php?action=show_candidates&constituency_id=298
2026-06-12 00:18:29,452 [INFO]   ✓ Winner: Rajabhau (Parag) Prakash Waje (id=7124)
2026-06-12 00:18:29,454 [INFO]   ↳ sleeping 11.3s
2026-06-12 00:18:40,748 [INFO] [299/543] Fetching constituency listing: https://www.myneta.info/LokSabha2024/index.php?action=show_candidates&constituency_id=299
2026-06-12 00:18:42,241 [INFO]   ✓ Winner: Dr. Hemant Vishnu Savara (id=7349)
2026-06-12 00:18:42,245 [INFO]   ↳ sleeping 17.4s
2026-06-12 00:18:59,670 [INFO] [300/543] Fetching constituency listing: https://www.myneta.info/LokSabha2024/index.php?action=show_candidates&constituency_id=300
2026-06-12 00:19:01,385 [INFO]   ✓ Winner: Suresh Gopinath Mhatre Alias Balya Mama (id=7090)
2026-06-12 00:19:01,387 [INFO]   ↳ sleeping 18.8s
2026-06-12 00:19:20,205 [INFO] [301/543] Fetching constituency listing: https://www.myneta.info/LokSabha2024/index.php?action=show_candidates&constituency_id=301
2026-06-12 00:19:21,674 [INFO]   ✓ Winner: Dr Shrikant Eknath Shinde (id=7216)
2026-06-12 00:19:21,677 [INFO]   ↳ sleeping 17.3s
2026-06-12 00:19:38,969 [INFO] [302/543] Fetching constituency listing: https://www.myneta.info/LokSabha2024/index.php?action=show_candidates&constituency_id=302
2026-06-12 00:19:40,477 [INFO]   ✓ Winner: Naresh Ganpat Mhaske (id=7462)
2026-06-12 00:19:40,480 [INFO]   ↳ sleeping 19.4s
2026-06-12 00:19:59,919 [INFO] [303/543] Fetching constituency listing: https://www.myneta.info/LokSabha2024/index.php?action=show_candidates&constituency_id=303
2026-06-12 00:20:01,080 [WARNING]   No winner found for constituency 303
2026-06-12 00:20:01,082 [INFO]   ↳ sleeping 19.9s
2026-06-12 00:20:20,977 [INFO] [304/543] Fetching constituency listing: https://www.myneta.info/LokSabha2024/index.php?action=show_candidates&constituency_id=304
2026-06-12 00:20:22,491 [INFO]   ✓ Winner: Piyush Goyal (id=7093)
2026-06-12 00:20:22,493 [INFO]   ↳ sleeping 15.8s
2026-06-12 00:20:38,321 [INFO] [305/543] Fetching constituency listing: https://www.myneta.info/LokSabha2024/index.php?action=show_candidates&constituency_id=305
2026-06-12 00:20:40,661 [INFO]   ✓ Winner: Ravindra Dattaram Waikar (id=7481)
2026-06-12 00:20:40,664 [INFO]   ↳ sleeping 15.5s
2026-06-12 00:20:56,217 [INFO] [306/543] Fetching constituency listing: https://www.myneta.info/LokSabha2024/index.php?action=show_candidates&constituency_id=306
2026-06-12 00:20:57,656 [INFO]   ✓ Winner: Sanjay Dina Patil (id=7094)
2026-06-12 00:20:57,658 [INFO]   ↳ sleeping 12.6s
2026-06-12 00:21:10,292 [INFO] [307/543] Fetching constituency listing: https://www.myneta.info/LokSabha2024/index.php?action=show_candidates&constituency_id=307
2026-06-12 00:21:11,810 [INFO]   ✓ Winner: Gaikwad Varsha Eknath (id=7096)
2026-06-12 00:21:11,812 [INFO]   ↳ sleeping 15.6s
2026-06-12 00:21:27,367 [INFO] [308/543] Fetching constituency listing: https://www.myneta.info/LokSabha2024/index.php?action=show_candidates&constituency_id=308
2026-06-12 00:21:28,844 [INFO]   ✓ Winner: Anil Yeshwant Desai (id=7098)
2026-06-12 00:21:28,848 [INFO]   ↳ sleeping 18.3s
2026-06-12 00:21:47,170 [INFO] [309/543] Fetching constituency listing: https://www.myneta.info/LokSabha2024/index.php?action=show_candidates&constituency_id=309
2026-06-12 00:21:48,659 [INFO]   ✓ Winner: Arvind Ganpat Sawant (id=7097)
2026-06-12 00:21:48,662 [INFO]   ↳ sleeping 14.0s
2026-06-12 00:22:02,656 [INFO] [310/543] Fetching constituency listing: https://www.myneta.info/LokSabha2024/index.php?action=show_candidates&constituency_id=310
2026-06-12 00:22:03,799 [INFO]   ✓ Winner: Angomcha Bimol Akoijam (id=337)
2026-06-12 00:22:03,800 [INFO]   ↳ sleeping 18.5s
2026-06-12 00:22:22,350 [INFO] [311/543] Fetching constituency listing: https://www.myneta.info/LokSabha2024/index.php?action=show_candidates&constituency_id=311
2026-06-12 00:22:23,544 [INFO]   ✓ Winner: Alfred Kanngam S Arthur (id=340)
2026-06-12 00:22:23,546 [INFO]   ↳ sleeping 15.4s
2026-06-12 00:22:38,908 [INFO] [312/543] Fetching constituency listing: https://www.myneta.info/LokSabha2024/index.php?action=show_candidates&constituency_id=312
2026-06-12 00:22:40,099 [INFO]   ✓ Winner: Dr. Ricky Andrew J. Syngkon (id=344)
2026-06-12 00:22:40,100 [INFO]   ↳ sleeping 13.3s
2026-06-12 00:22:53,359 [INFO] [313/543] Fetching constituency listing: https://www.myneta.info/LokSabha2024/index.php?action=show_candidates&constituency_id=313
2026-06-12 00:22:54,747 [INFO]   ✓ Winner: Saleng A Sangma (id=350)
2026-06-12 00:22:54,751 [INFO]   ↳ sleeping 10.2s
2026-06-12 00:23:04,955 [INFO] [314/543] Fetching constituency listing: https://www.myneta.info/LokSabha2024/index.php?action=show_candidates&constituency_id=314
2026-06-12 00:23:06,064 [INFO]   ✓ Winner: Richard Vanlalhmangaiha (id=60)
2026-06-12 00:23:06,066 [INFO]   ↳ sleeping 11.1s
2026-06-12 00:23:17,196 [INFO] [315/543] Fetching constituency listing: https://www.myneta.info/LokSabha2024/index.php?action=show_candidates&constituency_id=315
2026-06-12 00:23:18,393 [INFO]   ✓ Winner: S Supongmeren Jamir (id=356)
2026-06-12 00:23:18,395 [INFO]   ↳ sleeping 12.4s
2026-06-12 00:23:30,750 [INFO] [316/543] Fetching constituency listing: https://www.myneta.info/LokSabha2024/index.php?action=show_candidates&constituency_id=316
2026-06-12 00:23:31,987 [INFO]   ✓ Winner: Malvika Devi (id=5174)
2026-06-12 00:23:31,989 [INFO]   ↳ sleeping 13.4s
2026-06-12 00:23:45,384 [INFO] [317/543] Fetching constituency listing: https://www.myneta.info/LokSabha2024/index.php?action=show_candidates&constituency_id=317
2026-06-12 00:23:46,571 [INFO]   ✓ Winner: Balabhadra Majhi (id=6335)
2026-06-12 00:23:46,573 [INFO]   ↳ sleeping 14.2s
2026-06-12 00:24:00,768 [INFO] [318/543] Fetching constituency listing: https://www.myneta.info/LokSabha2024/index.php?action=show_candidates&constituency_id=318
2026-06-12 00:24:01,958 [INFO]   ✓ Winner: Dr Pradeep Kumar Panigrahy (id=5309)
2026-06-12 00:24:01,961 [INFO]   ↳ sleeping 19.5s
2026-06-12 00:24:21,442 [INFO] [319/543] Fetching constituency listing: https://www.myneta.info/LokSabha2024/index.php?action=show_candidates&constituency_id=319
2026-06-12 00:24:22,606 [INFO]   ✓ Winner: Saptagiri Sankar Ulaka (id=5071)
2026-06-12 00:24:22,608 [INFO]   ↳ sleeping 15.0s
2026-06-12 00:24:37,654 [INFO] [320/543] Fetching constituency listing: https://www.myneta.info/LokSabha2024/index.php?action=show_candidates&constituency_id=320
2026-06-12 00:24:38,821 [INFO]   ✓ Winner: Pradeep Purohit (id=7148)
2026-06-12 00:24:38,823 [INFO]   ↳ sleeping 15.2s
2026-06-12 00:24:54,008 [INFO] [321/543] Fetching constituency listing: https://www.myneta.info/LokSabha2024/index.php?action=show_candidates&constituency_id=321
2026-06-12 00:24:55,208 [INFO]   ✓ Winner: Jual Oram (id=7296)
2026-06-12 00:24:55,212 [INFO]   ↳ sleeping 19.1s
2026-06-12 00:25:14,324 [INFO] [322/543] Fetching constituency listing: https://www.myneta.info/LokSabha2024/index.php?action=show_candidates&constituency_id=322
2026-06-12 00:25:15,535 [INFO]   ✓ Winner: Sangeeta Kumari Singh Deo (id=7154)
2026-06-12 00:25:15,539 [INFO]   ↳ sleeping 11.1s
2026-06-12 00:25:26,687 [INFO] [323/543] Fetching constituency listing: https://www.myneta.info/LokSabha2024/index.php?action=show_candidates&constituency_id=323
2026-06-12 00:25:27,870 [INFO]   ✓ Winner: Sukanta Kumar Panigrahi (id=7157)
2026-06-12 00:25:27,872 [INFO]   ↳ sleeping 13.6s
2026-06-12 00:25:41,498 [INFO] [324/543] Fetching constituency listing: https://www.myneta.info/LokSabha2024/index.php?action=show_candidates&constituency_id=324
2026-06-12 00:25:42,688 [INFO]   ✓ Winner: Anita Subhadarshini (id=7158)
2026-06-12 00:25:42,690 [INFO]   ↳ sleeping 17.7s
2026-06-12 00:26:00,368 [INFO] [325/543] Fetching constituency listing: https://www.myneta.info/LokSabha2024/index.php?action=show_candidates&constituency_id=325
2026-06-12 00:26:01,823 [INFO]   ✓ Winner: Dharmendra Pradhan (id=8053)
2026-06-12 00:26:01,824 [INFO]   ↳ sleeping 10.1s
2026-06-12 00:26:11,907 [INFO] [326/543] Fetching constituency listing: https://www.myneta.info/LokSabha2024/index.php?action=show_candidates&constituency_id=326
2026-06-12 00:26:12,704 [INFO]   ✓ Winner: Ananta Nayak (id=8000)
2026-06-12 00:26:12,707 [INFO]   ↳ sleeping 17.0s
2026-06-12 00:26:29,707 [INFO] [327/543] Fetching constituency listing: https://www.myneta.info/LokSabha2024/index.php?action=show_candidates&constituency_id=327
2026-06-12 00:26:30,983 [INFO]   ✓ Winner: Rudra Narayan Pany (id=8008)
2026-06-12 00:26:30,987 [INFO]   ↳ sleeping 17.0s
2026-06-12 00:26:48,010 [INFO] [328/543] Fetching constituency listing: https://www.myneta.info/LokSabha2024/index.php?action=show_candidates&constituency_id=328
2026-06-12 00:26:49,153 [INFO]   ✓ Winner: Bhartruhari Mahtab (id=8022)
2026-06-12 00:26:49,155 [INFO]   ↳ sleeping 15.1s
2026-06-12 00:27:04,283 [INFO] [329/543] Fetching constituency listing: https://www.myneta.info/LokSabha2024/index.php?action=show_candidates&constituency_id=329
2026-06-12 00:27:05,459 [INFO]   ✓ Winner: Sambit Patra (id=8026)
2026-06-12 00:27:05,462 [INFO]   ↳ sleeping 15.4s
2026-06-12 00:27:20,904 [INFO] [330/543] Fetching constituency listing: https://www.myneta.info/LokSabha2024/index.php?action=show_candidates&constituency_id=330
2026-06-12 00:27:22,042 [WARNING]   No winner found for constituency 330
2026-06-12 00:27:22,044 [INFO]   ↳ sleeping 10.4s
2026-06-12 00:27:32,414 [INFO] [331/543] Fetching constituency listing: https://www.myneta.info/LokSabha2024/index.php?action=show_candidates&constituency_id=331
2026-06-12 00:27:33,136 [INFO]   ✓ Winner: Aparajita Sarangi (id=8040)
2026-06-12 00:27:33,140 [INFO]   ↳ sleeping 16.8s
2026-06-12 00:27:49,926 [INFO] [332/543] Fetching constituency listing: https://www.myneta.info/LokSabha2024/index.php?action=show_candidates&constituency_id=332
2026-06-12 00:27:51,418 [INFO]   ✓ Winner: Naba Charan Majhi (id=9392)
2026-06-12 00:27:51,422 [INFO]   ↳ sleeping 12.1s
2026-06-12 00:28:03,511 [INFO] [333/543] Fetching constituency listing: https://www.myneta.info/LokSabha2024/index.php?action=show_candidates&constituency_id=333
2026-06-12 00:28:04,766 [INFO]   ✓ Winner: Pratap Chandra Sarangi (id=9397)
2026-06-12 00:28:04,769 [INFO]   ↳ sleeping 14.2s
2026-06-12 00:28:18,942 [INFO] [334/543] Fetching constituency listing: https://www.myneta.info/LokSabha2024/index.php?action=show_candidates&constituency_id=334
2026-06-12 00:28:20,127 [INFO]   ✓ Winner: Avimanyu Sethi (id=9413)
2026-06-12 00:28:20,130 [INFO]   ↳ sleeping 18.5s
2026-06-12 00:28:38,641 [INFO] [335/543] Fetching constituency listing: https://www.myneta.info/LokSabha2024/index.php?action=show_candidates&constituency_id=335
2026-06-12 00:28:39,794 [INFO]   ✓ Winner: Rabindra Narayan Behera (id=9604)
2026-06-12 00:28:39,796 [INFO]   ↳ sleeping 12.0s
2026-06-12 00:28:51,850 [INFO] [336/543] Fetching constituency listing: https://www.myneta.info/LokSabha2024/index.php?action=show_candidates&constituency_id=336
2026-06-12 00:28:52,574 [INFO]   ✓ Winner: Baijayant Panda (id=9427)
2026-06-12 00:28:52,577 [INFO]   ↳ sleeping 11.6s
2026-06-12 00:29:04,189 [INFO] [337/543] Fetching constituency listing: https://www.myneta.info/LokSabha2024/index.php?action=show_candidates&constituency_id=337
2026-06-12 00:29:04,915 [INFO]   ✓ Winner: Bibhu Prasad Tarai (id=9616)
2026-06-12 00:29:04,919 [INFO]   ↳ sleeping 19.5s
2026-06-12 00:29:24,472 [INFO] [338/543] Fetching constituency listing: https://www.myneta.info/LokSabha2024/index.php?action=show_candidates&constituency_id=338
2026-06-12 00:29:25,231 [INFO]   ✓ Winner: Ve Vaithilingam (id=531)
2026-06-12 00:29:25,233 [INFO]   ↳ sleeping 12.7s
2026-06-12 00:29:37,912 [INFO] [339/543] Fetching constituency listing: https://www.myneta.info/LokSabha2024/index.php?action=show_candidates&constituency_id=339
2026-06-12 00:29:38,708 [INFO]   ✓ Winner: Sukhjinder Singh Randhawa (id=8728)
2026-06-12 00:29:38,709 [INFO]   ↳ sleeping 17.2s
2026-06-12 00:29:55,932 [INFO] [340/543] Fetching constituency listing: https://www.myneta.info/LokSabha2024/index.php?action=show_candidates&constituency_id=340
2026-06-12 00:29:56,813 [INFO]   ✓ Winner: Gurjeet Singh Aujla (id=8734)
2026-06-12 00:29:56,817 [INFO]   ↳ sleeping 16.4s
2026-06-12 00:30:13,256 [INFO] [341/543] Fetching constituency listing: https://www.myneta.info/LokSabha2024/index.php?action=show_candidates&constituency_id=341
2026-06-12 00:30:14,230 [INFO]   ✓ Winner: Amritpal Singh (id=9665)
2026-06-12 00:30:14,233 [INFO]   ↳ sleeping 18.4s
2026-06-12 00:30:32,686 [INFO] [342/543] Fetching constituency listing: https://www.myneta.info/LokSabha2024/index.php?action=show_candidates&constituency_id=342
2026-06-12 00:30:33,407 [INFO]   ✓ Winner: Charanjit Singh Channi (id=8738)
2026-06-12 00:30:33,411 [INFO]   ↳ sleeping 19.8s
2026-06-12 00:30:53,230 [INFO] [343/543] Fetching constituency listing: https://www.myneta.info/LokSabha2024/index.php?action=show_candidates&constituency_id=343
2026-06-12 00:30:54,772 [INFO]   ✓ Winner: Dr. Raj Kumar Chabbewal (id=8884)
2026-06-12 00:30:54,775 [INFO]   ↳ sleeping 15.5s
2026-06-12 00:31:10,312 [INFO] [344/543] Fetching constituency listing: https://www.myneta.info/LokSabha2024/index.php?action=show_candidates&constituency_id=344
2026-06-12 00:31:11,103 [INFO]   ✓ Winner: Malvinder Singh Kang (id=8744)
2026-06-12 00:31:11,107 [INFO]   ↳ sleeping 10.2s
2026-06-12 00:31:21,359 [INFO] [345/543] Fetching constituency listing: https://www.myneta.info/LokSabha2024/index.php?action=show_candidates&constituency_id=345
2026-06-12 00:31:23,174 [INFO]   ✓ Winner: Amrinder Singh Raja Warring (id=8745)
2026-06-12 00:31:23,176 [INFO]   ↳ sleeping 16.5s
2026-06-12 00:31:39,728 [INFO] [346/543] Fetching constituency listing: https://www.myneta.info/LokSabha2024/index.php?action=show_candidates&constituency_id=346
2026-06-12 00:31:41,188 [INFO]   ✓ Winner: Amar Singh (id=8748)
2026-06-12 00:31:41,192 [INFO]   ↳ sleeping 17.9s
2026-06-12 00:31:59,074 [INFO] [347/543] Fetching constituency listing: https://www.myneta.info/LokSabha2024/index.php?action=show_candidates&constituency_id=347
2026-06-12 00:32:00,526 [INFO]   ✓ Winner: Sarabjeet Singh Khalsa (id=9256)
2026-06-12 00:32:00,528 [INFO]   ↳ sleeping 16.8s
2026-06-12 00:32:17,358 [INFO] [348/543] Fetching constituency listing: https://www.myneta.info/LokSabha2024/index.php?action=show_candidates&constituency_id=348
2026-06-12 00:32:18,357 [INFO]   ✓ Winner: Sher Singh Ghubaya (id=8940)
2026-06-12 00:32:18,361 [INFO]   ↳ sleeping 13.3s
2026-06-12 00:32:31,683 [INFO] [349/543] Fetching constituency listing: https://www.myneta.info/LokSabha2024/index.php?action=show_candidates&constituency_id=349
2026-06-12 00:32:33,165 [INFO]   ✓ Winner: Harsimrat Kaur Badal (id=8951)
2026-06-12 00:32:33,169 [INFO]   ↳ sleeping 12.5s
2026-06-12 00:32:45,709 [INFO] [350/543] Fetching constituency listing: https://www.myneta.info/LokSabha2024/index.php?action=show_candidates&constituency_id=350
2026-06-12 00:32:47,178 [INFO]   ✓ Winner: Gurmeet Singh Hayer (id=8730)
2026-06-12 00:32:47,180 [INFO]   ↳ sleeping 14.0s
2026-06-12 00:33:01,194 [INFO] [351/543] Fetching constituency listing: https://www.myneta.info/LokSabha2024/index.php?action=show_candidates&constituency_id=351
2026-06-12 00:33:02,768 [INFO]   ✓ Winner: Dr Dharamvira Gandhi (id=8759)
2026-06-12 00:33:02,772 [INFO]   ↳ sleeping 19.1s
2026-06-12 00:33:21,914 [INFO] [352/543] Fetching constituency listing: https://www.myneta.info/LokSabha2024/index.php?action=show_candidates&constituency_id=352
2026-06-12 00:33:23,086 [WARNING]   No winner found for constituency 352
2026-06-12 00:33:23,096 [INFO]   ↳ sleeping 13.4s
2026-06-12 00:33:36,514 [INFO] [353/543] Fetching constituency listing: https://www.myneta.info/LokSabha2024/index.php?action=show_candidates&constituency_id=353
2026-06-12 00:33:37,761 [INFO]   ✓ Winner: Kuldeep Indora (id=409)
2026-06-12 00:33:37,764 [INFO]   ↳ sleeping 16.0s
2026-06-12 00:33:53,769 [INFO] [354/543] Fetching constituency listing: https://www.myneta.info/LokSabha2024/index.php?action=show_candidates&constituency_id=354
2026-06-12 00:33:54,925 [INFO]   ✓ Winner: Arjun Ram Meghwal (id=381)
2026-06-12 00:33:54,926 [INFO]   ↳ sleeping 12.6s
2026-06-12 00:34:07,509 [INFO] [355/543] Fetching constituency listing: https://www.myneta.info/LokSabha2024/index.php?action=show_candidates&constituency_id=355
2026-06-12 00:34:08,996 [INFO]   ✓ Winner: Rahul Kaswan (id=395)
2026-06-12 00:34:08,999 [INFO]   ↳ sleeping 19.8s
2026-06-12 00:34:28,826 [INFO] [356/543] Fetching constituency listing: https://www.myneta.info/LokSabha2024/index.php?action=show_candidates&constituency_id=356
2026-06-12 00:34:29,982 [INFO]   ✓ Winner: Brijendra Singh Ola (id=444)
2026-06-12 00:34:29,987 [INFO]   ↳ sleeping 18.0s
2026-06-12 00:34:48,024 [INFO] [357/543] Fetching constituency listing: https://www.myneta.info/LokSabha2024/index.php?action=show_candidates&constituency_id=357
2026-06-12 00:34:49,468 [INFO]   ✓ Winner: Amraram (id=476)
2026-06-12 00:34:49,473 [INFO]   ↳ sleeping 14.8s
2026-06-12 00:35:04,249 [INFO] [358/543] Fetching constituency listing: https://www.myneta.info/LokSabha2024/index.php?action=show_candidates&constituency_id=358
2026-06-12 00:35:05,748 [INFO]   ✓ Winner: Rao Rajendra Singh (id=436)
2026-06-12 00:35:05,754 [INFO]   ↳ sleeping 17.6s
2026-06-12 00:35:23,305 [INFO] [359/543] Fetching constituency listing: https://www.myneta.info/LokSabha2024/index.php?action=show_candidates&constituency_id=359
2026-06-12 00:35:24,487 [INFO]   ✓ Winner: Manju Sharma (id=417)
2026-06-12 00:35:24,490 [INFO]   ↳ sleeping 15.6s
2026-06-12 00:35:40,074 [INFO] [360/543] Fetching constituency listing: https://www.myneta.info/LokSabha2024/index.php?action=show_candidates&constituency_id=360
2026-06-12 00:35:41,311 [INFO]   ✓ Winner: Bhupender Yadav (id=360)
2026-06-12 00:35:41,313 [INFO]   ↳ sleeping 18.4s
2026-06-12 00:35:59,680 [INFO] [361/543] Fetching constituency listing: https://www.myneta.info/LokSabha2024/index.php?action=show_candidates&constituency_id=361
2026-06-12 00:36:00,889 [INFO]   ✓ Winner: Sanjna Jatav (id=371)
2026-06-12 00:36:00,897 [INFO]   ↳ sleeping 17.1s
2026-06-12 00:36:18,046 [INFO] [362/543] Fetching constituency listing: https://www.myneta.info/LokSabha2024/index.php?action=show_candidates&constituency_id=362
2026-06-12 00:36:19,260 [INFO]   ✓ Winner: Bhajan Lal Jatav (id=451)
2026-06-12 00:36:19,264 [INFO]   ↳ sleeping 13.5s
2026-06-12 00:36:32,766 [INFO] [363/543] Fetching constituency listing: https://www.myneta.info/LokSabha2024/index.php?action=show_candidates&constituency_id=363
2026-06-12 00:36:33,906 [INFO]   ✓ Winner: Murari Lal Meena (id=401)
2026-06-12 00:36:33,908 [INFO]   ↳ sleeping 14.3s
2026-06-12 00:36:48,233 [INFO] [364/543] Fetching constituency listing: https://www.myneta.info/LokSabha2024/index.php?action=show_candidates&constituency_id=364
2026-06-12 00:36:49,390 [INFO]   ✓ Winner: Hanuman Beniwal (id=454)
2026-06-12 00:36:49,392 [INFO]   ↳ sleeping 18.1s
2026-06-12 00:37:07,522 [INFO] [365/543] Fetching constituency listing: https://www.myneta.info/LokSabha2024/index.php?action=show_candidates&constituency_id=365
2026-06-12 00:37:08,727 [INFO]   ✓ Winner: Harish Chandra Meena (id=2583)
2026-06-12 00:37:08,729 [INFO]   ↳ sleeping 19.7s
2026-06-12 00:37:28,397 [INFO] [366/543] Fetching constituency listing: https://www.myneta.info/LokSabha2024/index.php?action=show_candidates&constituency_id=366
2026-06-12 00:37:29,909 [INFO]   ✓ Winner: Bhagirath Choudhary (id=2038)
2026-06-12 00:37:29,914 [INFO]   ↳ sleeping 10.8s
2026-06-12 00:37:40,721 [INFO] [367/543] Fetching constituency listing: https://www.myneta.info/LokSabha2024/index.php?action=show_candidates&constituency_id=367
2026-06-12 00:37:41,942 [WARNING]   No winner found for constituency 367
2026-06-12 00:37:41,944 [INFO]   ↳ sleeping 15.8s
2026-06-12 00:37:57,783 [INFO] [368/543] Fetching constituency listing: https://www.myneta.info/LokSabha2024/index.php?action=show_candidates&constituency_id=368
2026-06-12 00:37:59,234 [INFO]   ✓ Winner: P. P. Chaudhary (id=2574)
2026-06-12 00:37:59,238 [INFO]   ↳ sleeping 16.8s
2026-06-12 00:38:16,041 [INFO] [369/543] Fetching constituency listing: https://www.myneta.info/LokSabha2024/index.php?action=show_candidates&constituency_id=369
2026-06-12 00:38:17,596 [INFO]   ✓ Winner: Gajendra Singh Shekhawat (id=1843)
2026-06-12 00:38:17,600 [INFO]   ↳ sleeping 13.1s
2026-06-12 00:38:30,685 [INFO] [370/543] Fetching constituency listing: https://www.myneta.info/LokSabha2024/index.php?action=show_candidates&constituency_id=370
2026-06-12 00:38:31,863 [INFO]   ✓ Winner: Ummeda Ram Beniwal (id=2547)
2026-06-12 00:38:31,864 [INFO]   ↳ sleeping 17.0s
2026-06-12 00:38:48,815 [INFO] [371/543] Fetching constituency listing: https://www.myneta.info/LokSabha2024/index.php?action=show_candidates&constituency_id=371
2026-06-12 00:38:49,973 [INFO]   ✓ Winner: Lumbaram (id=2557)
2026-06-12 00:38:49,981 [INFO]   ↳ sleeping 14.4s
2026-06-12 00:39:04,426 [INFO] [372/543] Fetching constituency listing: https://www.myneta.info/LokSabha2024/index.php?action=show_candidates&constituency_id=372
2026-06-12 00:39:05,616 [INFO]   ✓ Winner: Manna Lal Rawat (id=1854)
2026-06-12 00:39:05,619 [INFO]   ↳ sleeping 13.0s
2026-06-12 00:39:18,663 [INFO] [373/543] Fetching constituency listing: https://www.myneta.info/LokSabha2024/index.php?action=show_candidates&constituency_id=373
2026-06-12 00:39:19,817 [INFO]   ✓ Winner: Raj Kumar Roat (id=1771)
2026-06-12 00:39:19,819 [INFO]   ↳ sleeping 15.8s
2026-06-12 00:39:35,638 [INFO] [374/543] Fetching constituency listing: https://www.myneta.info/LokSabha2024/index.php?action=show_candidates&constituency_id=374
2026-06-12 00:39:37,085 [INFO]   ✓ Winner: Chandra Prakash Joshi (id=2025)
2026-06-12 00:39:37,090 [INFO]   ↳ sleeping 18.4s
2026-06-12 00:39:55,493 [INFO] [375/543] Fetching constituency listing: https://www.myneta.info/LokSabha2024/index.php?action=show_candidates&constituency_id=375
2026-06-12 00:39:56,694 [INFO]   ✓ Winner: Mahima Kumari Mewar (id=2577)
2026-06-12 00:39:56,698 [INFO]   ↳ sleeping 13.2s
2026-06-12 00:40:09,882 [INFO] [376/543] Fetching constituency listing: https://www.myneta.info/LokSabha2024/index.php?action=show_candidates&constituency_id=376
2026-06-12 00:40:11,071 [INFO]   ✓ Winner: Damodar Agarwal (id=2743)
2026-06-12 00:40:11,074 [INFO]   ↳ sleeping 19.0s
2026-06-12 00:40:30,072 [INFO] [377/543] Fetching constituency listing: https://www.myneta.info/LokSabha2024/index.php?action=show_candidates&constituency_id=377
2026-06-12 00:40:31,549 [INFO]   ✓ Winner: Om Birla (id=2567)
2026-06-12 00:40:31,553 [INFO]   ↳ sleeping 11.9s
2026-06-12 00:40:43,416 [INFO] [378/543] Fetching constituency listing: https://www.myneta.info/LokSabha2024/index.php?action=show_candidates&constituency_id=378
2026-06-12 00:40:44,562 [INFO]   ✓ Winner: Dushyant Singh (id=2013)
2026-06-12 00:40:44,563 [INFO]   ↳ sleeping 18.9s
2026-06-12 00:41:03,485 [INFO] [379/543] Fetching constituency listing: https://www.myneta.info/LokSabha2024/index.php?action=show_candidates&constituency_id=379
2026-06-12 00:41:04,629 [WARNING]   No winner found for constituency 379
2026-06-12 00:41:04,632 [INFO]   ↳ sleeping 19.9s
2026-06-12 00:41:24,508 [INFO] [380/543] Fetching constituency listing: https://www.myneta.info/LokSabha2024/index.php?action=show_candidates&constituency_id=380
2026-06-12 00:41:25,994 [INFO]   ✓ Winner: Indra Hang Subba (id=484)
2026-06-12 00:41:25,997 [INFO]   ↳ sleeping 11.3s
2026-06-12 00:41:37,297 [INFO] [381/543] Fetching constituency listing: https://www.myneta.info/LokSabha2024/index.php?action=show_candidates&constituency_id=381
2026-06-12 00:41:38,789 [INFO]   ✓ Winner: Sasikanth Senthil (id=1464)
2026-06-12 00:41:38,791 [INFO]   ↳ sleeping 14.1s
2026-06-12 00:41:52,926 [INFO] [382/543] Fetching constituency listing: https://www.myneta.info/LokSabha2024/index.php?action=show_candidates&constituency_id=382
2026-06-12 00:41:54,639 [INFO]   ✓ Winner: Dr.Kalanidhi Veeraswamy (id=1081)
2026-06-12 00:41:54,643 [INFO]   ↳ sleeping 18.0s
2026-06-12 00:42:12,621 [INFO] [383/543] Fetching constituency listing: https://www.myneta.info/LokSabha2024/index.php?action=show_candidates&constituency_id=383
2026-06-12 00:42:14,376 [INFO]   ✓ Winner: Sumathy T (id=100)
2026-06-12 00:42:14,380 [INFO]   ↳ sleeping 16.1s
2026-06-12 00:42:30,507 [INFO] [384/543] Fetching constituency listing: https://www.myneta.info/LokSabha2024/index.php?action=show_candidates&constituency_id=384
2026-06-12 00:42:32,225 [INFO]   ✓ Winner: Dayanidhi Maran (id=1043)
2026-06-12 00:42:32,229 [INFO]   ↳ sleeping 12.0s
2026-06-12 00:42:44,226 [INFO] [385/543] Fetching constituency listing: https://www.myneta.info/LokSabha2024/index.php?action=show_candidates&constituency_id=385
2026-06-12 00:42:45,678 [INFO]   ✓ Winner: T R Baalu (id=184)
2026-06-12 00:42:45,682 [INFO]   ↳ sleeping 16.0s
2026-06-12 00:43:01,684 [INFO] [386/543] Fetching constituency listing: https://www.myneta.info/LokSabha2024/index.php?action=show_candidates&constituency_id=386
2026-06-12 00:43:02,844 [INFO]   ✓ Winner: Selvam. G (id=134)
2026-06-12 00:43:02,959 [INFO]   ↳ sleeping 12.9s
2026-06-12 00:43:15,873 [INFO] [387/543] Fetching constituency listing: https://www.myneta.info/LokSabha2024/index.php?action=show_candidates&constituency_id=387
2026-06-12 00:43:17,414 [INFO]   ✓ Winner: S Jagathratchakan (id=533)
2026-06-12 00:43:17,418 [INFO]   ↳ sleeping 10.5s
2026-06-12 00:43:27,880 [INFO] [388/543] Fetching constituency listing: https://www.myneta.info/LokSabha2024/index.php?action=show_candidates&constituency_id=388
2026-06-12 00:43:29,617 [INFO]   ✓ Winner: Dm Kathir Anand (id=216)
2026-06-12 00:43:29,620 [INFO]   ↳ sleeping 10.8s
2026-06-12 00:43:40,394 [INFO] [389/543] Fetching constituency listing: https://www.myneta.info/LokSabha2024/index.php?action=show_candidates&constituency_id=389
2026-06-12 00:43:41,890 [INFO]   ✓ Winner: Gopinath K (id=1531)
2026-06-12 00:43:41,893 [INFO]   ↳ sleeping 14.4s
2026-06-12 00:43:56,264 [INFO] [390/543] Fetching constituency listing: https://www.myneta.info/LokSabha2024/index.php?action=show_candidates&constituency_id=390
2026-06-12 00:43:57,762 [INFO]   ✓ Winner: Mani. A. (id=121)
2026-06-12 00:43:57,765 [INFO]   ↳ sleeping 14.2s
2026-06-12 00:44:12,016 [INFO] [391/543] Fetching constituency listing: https://www.myneta.info/LokSabha2024/index.php?action=show_candidates&constituency_id=391
2026-06-12 00:44:13,584 [INFO]   ✓ Winner: C N Annadurai (id=1155)
2026-06-12 00:44:13,587 [INFO]   ↳ sleeping 11.9s
2026-06-12 00:44:25,511 [INFO] [392/543] Fetching constituency listing: https://www.myneta.info/LokSabha2024/index.php?action=show_candidates&constituency_id=392
2026-06-12 00:44:26,959 [INFO]   ✓ Winner: Tharaniventhan M S (id=703)
2026-06-12 00:44:26,963 [INFO]   ↳ sleeping 14.6s
2026-06-12 00:44:41,598 [INFO] [393/543] Fetching constituency listing: https://www.myneta.info/LokSabha2024/index.php?action=show_candidates&constituency_id=393
2026-06-12 00:44:43,066 [INFO]   ✓ Winner: Ravikumar. D (id=221)
2026-06-12 00:44:43,069 [INFO]   ↳ sleeping 15.8s
2026-06-12 00:44:58,883 [INFO] [394/543] Fetching constituency listing: https://www.myneta.info/LokSabha2024/index.php?action=show_candidates&constituency_id=394
2026-06-12 00:45:00,347 [INFO]   ✓ Winner: Malaiyarasan D (id=133)
2026-06-12 00:45:00,351 [INFO]   ↳ sleeping 12.4s
2026-06-12 00:45:12,716 [INFO] [395/543] Fetching constituency listing: https://www.myneta.info/LokSabha2024/index.php?action=show_candidates&constituency_id=395
2026-06-12 00:45:13,952 [WARNING]   No winner found for constituency 395
2026-06-12 00:45:13,956 [INFO]   ↳ sleeping 18.0s
2026-06-12 00:45:31,932 [INFO] [396/543] Fetching constituency listing: https://www.myneta.info/LokSabha2024/index.php?action=show_candidates&constituency_id=396
2026-06-12 00:45:33,418 [INFO]   ✓ Winner: Selvaganapathi T M (id=176)
2026-06-12 00:45:33,422 [INFO]   ↳ sleeping 16.8s
2026-06-12 00:45:50,259 [INFO] [397/543] Fetching constituency listing: https://www.myneta.info/LokSabha2024/index.php?action=show_candidates&constituency_id=397
2026-06-12 00:45:52,034 [INFO]   ✓ Winner: Matheswaran V S (id=164)
2026-06-12 00:45:52,038 [INFO]   ↳ sleeping 16.5s
2026-06-12 00:46:08,551 [INFO] [398/543] Fetching constituency listing: https://www.myneta.info/LokSabha2024/index.php?action=show_candidates&constituency_id=398
2026-06-12 00:46:10,703 [INFO]   ✓ Winner: K E Prakash (id=127)
2026-06-12 00:46:10,708 [INFO]   ↳ sleeping 11.5s
2026-06-12 00:46:22,217 [INFO] [399/543] Fetching constituency listing: https://www.myneta.info/LokSabha2024/index.php?action=show_candidates&constituency_id=399
2026-06-12 00:46:23,654 [INFO]   ✓ Winner: K Subbarayan (id=204)
2026-06-12 00:46:23,658 [INFO]   ↳ sleeping 18.9s
2026-06-12 00:46:42,555 [INFO] [400/543] Fetching constituency listing: https://www.myneta.info/LokSabha2024/index.php?action=show_candidates&constituency_id=400
2026-06-12 00:46:44,052 [INFO]   ✓ Winner: Raja A (id=1167)
2026-06-12 00:46:44,056 [INFO]   ↳ sleeping 11.4s
2026-06-12 00:46:55,424 [INFO] [401/543] Fetching constituency listing: https://www.myneta.info/LokSabha2024/index.php?action=show_candidates&constituency_id=401
2026-06-12 00:46:57,138 [INFO]   ✓ Winner: Ganapathy Rajkumar P (id=1352)
2026-06-12 00:46:57,142 [INFO]   ↳ sleeping 12.2s
2026-06-12 00:47:09,340 [INFO] [402/543] Fetching constituency listing: https://www.myneta.info/LokSabha2024/index.php?action=show_candidates&constituency_id=402
2026-06-12 00:47:10,825 [INFO]   ✓ Winner: Eswarasamy K (id=174)
2026-06-12 00:47:10,830 [INFO]   ↳ sleeping 13.1s
2026-06-12 00:47:23,895 [INFO] [403/543] Fetching constituency listing: https://www.myneta.info/LokSabha2024/index.php?action=show_candidates&constituency_id=403
2026-06-12 00:47:25,325 [INFO]   ✓ Winner: Sachithanantham R (id=834)
2026-06-12 00:47:25,329 [INFO]   ↳ sleeping 16.6s
2026-06-12 00:47:41,934 [INFO] [404/543] Fetching constituency listing: https://www.myneta.info/LokSabha2024/index.php?action=show_candidates&constituency_id=404
2026-06-12 00:47:44,013 [INFO]   ✓ Winner: Jothimani. S (id=1264)
2026-06-12 00:47:44,016 [INFO]   ↳ sleeping 11.3s
2026-06-12 00:47:55,321 [INFO] [405/543] Fetching constituency listing: https://www.myneta.info/LokSabha2024/index.php?action=show_candidates&constituency_id=405
2026-06-12 00:47:57,092 [INFO]   ✓ Winner: Durai Vaiko (id=196)
2026-06-12 00:47:57,095 [INFO]   ↳ sleeping 10.4s
2026-06-12 00:48:07,519 [INFO] [406/543] Fetching constituency listing: https://www.myneta.info/LokSabha2024/index.php?action=show_candidates&constituency_id=406
2026-06-12 00:48:09,049 [INFO]   ✓ Winner: Arun Nehru (id=16)
2026-06-12 00:48:09,052 [INFO]   ↳ sleeping 19.1s
2026-06-12 00:48:28,203 [INFO] [407/543] Fetching constituency listing: https://www.myneta.info/LokSabha2024/index.php?action=show_candidates&constituency_id=407
2026-06-12 00:48:29,783 [INFO]   ✓ Winner: M.K. Vishnuprasad (id=554)
2026-06-12 00:48:29,786 [INFO]   ↳ sleeping 10.3s
2026-06-12 00:48:40,068 [INFO] [408/543] Fetching constituency listing: https://www.myneta.info/LokSabha2024/index.php?action=show_candidates&constituency_id=408
2026-06-12 00:48:40,867 [INFO]   ✓ Winner: Thirumaavalavan Thol (id=816)
2026-06-12 00:48:40,873 [INFO]   ↳ sleeping 10.5s
2026-06-12 00:48:51,391 [INFO] [409/543] Fetching constituency listing: https://www.myneta.info/LokSabha2024/index.php?action=show_candidates&constituency_id=409
2026-06-12 00:48:52,883 [INFO]   ✓ Winner: Sudha R (id=1575)
2026-06-12 00:48:52,888 [INFO]   ↳ sleeping 16.8s
2026-06-12 00:49:09,650 [INFO] [410/543] Fetching constituency listing: https://www.myneta.info/LokSabha2024/index.php?action=show_candidates&constituency_id=410
2026-06-12 00:49:10,833 [WARNING]   No winner found for constituency 410
2026-06-12 00:49:10,836 [INFO]   ↳ sleeping 17.7s
2026-06-12 00:49:28,511 [INFO] [411/543] Fetching constituency listing: https://www.myneta.info/LokSabha2024/index.php?action=show_candidates&constituency_id=411
2026-06-12 00:49:29,662 [INFO]   ✓ Winner: Selvaraj V (id=161)
2026-06-12 00:49:29,665 [INFO]   ↳ sleeping 11.9s
2026-06-12 00:49:41,587 [INFO] [412/543] Fetching constituency listing: https://www.myneta.info/LokSabha2024/index.php?action=show_candidates&constituency_id=412
2026-06-12 00:49:42,732 [INFO]   ✓ Winner: Murasoli S (id=1451)
2026-06-12 00:49:42,734 [INFO]   ↳ sleeping 15.8s
2026-06-12 00:49:58,540 [INFO] [413/543] Fetching constituency listing: https://www.myneta.info/LokSabha2024/index.php?action=show_candidates&constituency_id=413
2026-06-12 00:49:59,984 [INFO]   ✓ Winner: Karti P Chidambaram (id=181)
2026-06-12 00:49:59,987 [INFO]   ↳ sleeping 14.5s
2026-06-12 00:50:14,471 [INFO] [414/543] Fetching constituency listing: https://www.myneta.info/LokSabha2024/index.php?action=show_candidates&constituency_id=414
2026-06-12 00:50:15,989 [INFO]   ✓ Winner: Venkatesan S (id=1568)
2026-06-12 00:50:15,994 [INFO]   ↳ sleeping 19.4s
2026-06-12 00:50:35,395 [INFO] [415/543] Fetching constituency listing: https://www.myneta.info/LokSabha2024/index.php?action=show_candidates&constituency_id=415
2026-06-12 00:50:36,930 [INFO]   ✓ Winner: Thanga Tamilselvan (id=1225)
2026-06-12 00:50:36,941 [INFO]   ↳ sleeping 10.2s
2026-06-12 00:50:47,196 [INFO] [416/543] Fetching constituency listing: https://www.myneta.info/LokSabha2024/index.php?action=show_candidates&constituency_id=416
2026-06-12 00:50:47,957 [INFO]   ✓ Winner: Manickam Tagore B (id=230)
2026-06-12 00:50:47,959 [INFO]   ↳ sleeping 14.1s
2026-06-12 00:51:02,070 [INFO] [417/543] Fetching constituency listing: https://www.myneta.info/LokSabha2024/index.php?action=show_candidates&constituency_id=417
2026-06-12 00:51:04,243 [INFO]   ✓ Winner: K Navaskani (id=234)
2026-06-12 00:51:04,249 [INFO]   ↳ sleeping 15.6s
2026-06-12 00:51:19,897 [INFO] [418/543] Fetching constituency listing: https://www.myneta.info/LokSabha2024/index.php?action=show_candidates&constituency_id=418
2026-06-12 00:51:21,704 [INFO]   ✓ Winner: Kanimozhi Karunanidhi (id=566)
2026-06-12 00:51:21,707 [INFO]   ↳ sleeping 12.9s
2026-06-12 00:51:34,570 [INFO] [419/543] Fetching constituency listing: https://www.myneta.info/LokSabha2024/index.php?action=show_candidates&constituency_id=419
2026-06-12 00:51:36,069 [INFO]   ✓ Winner: Dr Rani Sri Kumar (id=1440)
2026-06-12 00:51:36,072 [INFO]   ↳ sleeping 12.0s
2026-06-12 00:51:48,076 [INFO] [420/543] Fetching constituency listing: https://www.myneta.info/LokSabha2024/index.php?action=show_candidates&constituency_id=420
2026-06-12 00:51:49,560 [INFO]   ✓ Winner: Robert Bruce C (id=1480)
2026-06-12 00:51:49,562 [INFO]   ↳ sleeping 19.0s
2026-06-12 00:52:08,523 [INFO] [421/543] Fetching constituency listing: https://www.myneta.info/LokSabha2024/index.php?action=show_candidates&constituency_id=421
2026-06-12 00:52:09,979 [INFO]   ✓ Winner: Vijayakumar Alias Vijay Vasanth (id=940)
2026-06-12 00:52:09,983 [INFO]   ↳ sleeping 19.7s
2026-06-12 00:52:29,739 [INFO] [422/543] Fetching constituency listing: https://www.myneta.info/LokSabha2024/index.php?action=show_candidates&constituency_id=422
2026-06-12 00:52:30,915 [WARNING]   No winner found for constituency 422
2026-06-12 00:52:30,918 [INFO]   ↳ sleeping 17.3s
2026-06-12 00:52:48,217 [INFO] [423/543] Fetching constituency listing: https://www.myneta.info/LokSabha2024/index.php?action=show_candidates&constituency_id=423
2026-06-12 00:52:49,653 [INFO]   ✓ Winner: Godam Nagesh (id=5395)
2026-06-12 00:52:49,657 [INFO]   ↳ sleeping 14.5s
2026-06-12 00:53:04,182 [INFO] [424/543] Fetching constituency listing: https://www.myneta.info/LokSabha2024/index.php?action=show_candidates&constituency_id=424
2026-06-12 00:53:05,989 [INFO]   ✓ Winner: Vamsi Krishna Gaddam (id=5248)
2026-06-12 00:53:05,993 [INFO]   ↳ sleeping 18.6s
2026-06-12 00:53:24,577 [INFO] [425/543] Fetching constituency listing: https://www.myneta.info/LokSabha2024/index.php?action=show_candidates&constituency_id=425
2026-06-12 00:53:26,077 [INFO]   ✓ Winner: Bandi Sanjay Kumar (id=5230)
2026-06-12 00:53:26,089 [INFO]   ↳ sleeping 15.9s
2026-06-12 00:53:41,982 [INFO] [426/543] Fetching constituency listing: https://www.myneta.info/LokSabha2024/index.php?action=show_candidates&constituency_id=426
2026-06-12 00:53:43,450 [INFO]   ✓ Winner: Arvind Dharmapuri (id=5246)
2026-06-12 00:53:43,454 [INFO]   ↳ sleeping 19.1s
2026-06-12 00:54:02,560 [INFO] [427/543] Fetching constituency listing: https://www.myneta.info/LokSabha2024/index.php?action=show_candidates&constituency_id=427
2026-06-12 00:54:04,043 [INFO]   ✓ Winner: Suresh Kumar Shetkar (id=5254)
2026-06-12 00:54:04,049 [INFO]   ↳ sleeping 11.4s
2026-06-12 00:54:15,425 [INFO] [428/543] Fetching constituency listing: https://www.myneta.info/LokSabha2024/index.php?action=show_candidates&constituency_id=428
2026-06-12 00:54:17,228 [INFO]   ✓ Winner: Madhavaneni Raghunandan Rao (id=5239)
2026-06-12 00:54:17,231 [INFO]   ↳ sleeping 12.5s
2026-06-12 00:54:29,694 [INFO] [429/543] Fetching constituency listing: https://www.myneta.info/LokSabha2024/index.php?action=show_candidates&constituency_id=429
2026-06-12 00:54:31,166 [INFO]   ✓ Winner: Eatala Rajender (id=5238)
2026-06-12 00:54:31,172 [INFO]   ↳ sleeping 16.6s
2026-06-12 00:54:47,801 [INFO] [430/543] Fetching constituency listing: https://www.myneta.info/LokSabha2024/index.php?action=show_candidates&constituency_id=430
2026-06-12 00:54:48,747 [INFO]   ✓ Winner: G. Kishan Reddy (id=5251)
2026-06-12 00:54:48,750 [INFO]   ↳ sleeping 11.4s
2026-06-12 00:55:00,130 [INFO] [431/543] Fetching constituency listing: https://www.myneta.info/LokSabha2024/index.php?action=show_candidates&constituency_id=431
2026-06-12 00:55:01,083 [INFO]   ✓ Winner: Asaduddin Owaisi (id=5228)
2026-06-12 00:55:01,085 [INFO]   ↳ sleeping 15.6s
2026-06-12 00:55:16,663 [INFO] [432/543] Fetching constituency listing: https://www.myneta.info/LokSabha2024/index.php?action=show_candidates&constituency_id=432
2026-06-12 00:55:17,595 [INFO]   ✓ Winner: Konda Vishweshwar Reddy (id=5226)
2026-06-12 00:55:17,599 [INFO]   ↳ sleeping 15.0s
2026-06-12 00:55:32,575 [INFO] [433/543] Fetching constituency listing: https://www.myneta.info/LokSabha2024/index.php?action=show_candidates&constituency_id=433
2026-06-12 00:55:34,329 [INFO]   ✓ Winner: Aruna. D. K (id=5236)
2026-06-12 00:55:34,331 [INFO]   ↳ sleeping 16.8s
2026-06-12 00:55:51,145 [INFO] [434/543] Fetching constituency listing: https://www.myneta.info/LokSabha2024/index.php?action=show_candidates&constituency_id=434
2026-06-12 00:55:52,610 [INFO]   ✓ Winner: Dr.Mallu Ravi (id=5241)
2026-06-12 00:55:52,613 [INFO]   ↳ sleeping 19.1s
2026-06-12 00:56:11,674 [INFO] [435/543] Fetching constituency listing: https://www.myneta.info/LokSabha2024/index.php?action=show_candidates&constituency_id=435
2026-06-12 00:56:13,159 [INFO]   ✓ Winner: Kunduru Raghuveer (id=5294)
2026-06-12 00:56:13,162 [INFO]   ↳ sleeping 13.8s
2026-06-12 00:56:26,922 [INFO] [436/543] Fetching constituency listing: https://www.myneta.info/LokSabha2024/index.php?action=show_candidates&constituency_id=436
2026-06-12 00:56:28,693 [INFO]   ✓ Winner: Chamala Kiran Kumar Reddy (id=5299)
2026-06-12 00:56:28,713 [INFO]   ↳ sleeping 17.0s
2026-06-12 00:56:45,719 [INFO] [437/543] Fetching constituency listing: https://www.myneta.info/LokSabha2024/index.php?action=show_candidates&constituency_id=437
2026-06-12 00:56:46,894 [WARNING]   No winner found for constituency 437
2026-06-12 00:56:46,914 [INFO]   ↳ sleeping 18.2s
2026-06-12 00:57:05,140 [INFO] [438/543] Fetching constituency listing: https://www.myneta.info/LokSabha2024/index.php?action=show_candidates&constituency_id=438
2026-06-12 00:57:06,967 [INFO]   ✓ Winner: Kadiyam Kavya (id=5252)
2026-06-12 00:57:06,970 [INFO]   ↳ sleeping 14.9s
2026-06-12 00:57:21,891 [INFO] [439/543] Fetching constituency listing: https://www.myneta.info/LokSabha2024/index.php?action=show_candidates&constituency_id=439
2026-06-12 00:57:23,399 [INFO]   ✓ Winner: Balram Naik Porika (id=5297)
2026-06-12 00:57:23,402 [INFO]   ↳ sleeping 15.1s
2026-06-12 00:57:38,499 [INFO] [440/543] Fetching constituency listing: https://www.myneta.info/LokSabha2024/index.php?action=show_candidates&constituency_id=440
2026-06-12 00:57:40,284 [INFO]   ✓ Winner: Ramasahayam Raghuram Reddy (id=5716)
2026-06-12 00:57:40,288 [INFO]   ↳ sleeping 17.3s
2026-06-12 00:57:57,600 [INFO] [441/543] Fetching constituency listing: https://www.myneta.info/LokSabha2024/index.php?action=show_candidates&constituency_id=441
2026-06-12 00:57:58,797 [INFO]   ✓ Winner: Biplab Kumar Deb (id=1156)
2026-06-12 00:57:58,804 [INFO]   ↳ sleeping 17.9s
2026-06-12 00:58:16,709 [INFO] [442/543] Fetching constituency listing: https://www.myneta.info/LokSabha2024/index.php?action=show_candidates&constituency_id=442
2026-06-12 00:58:17,920 [INFO]   ✓ Winner: Kriti Devi Debbarman (id=1765)
2026-06-12 00:58:17,923 [INFO]   ↳ sleeping 15.1s
2026-06-12 00:58:32,979 [INFO] [443/543] Fetching constituency listing: https://www.myneta.info/LokSabha2024/index.php?action=show_candidates&constituency_id=443
2026-06-12 00:58:34,437 [INFO]   ✓ Winner: Mala Rajya Lakshmi Shah (id=283)
2026-06-12 00:58:34,441 [INFO]   ↳ sleeping 18.1s
2026-06-12 00:58:52,503 [INFO] [444/543] Fetching constituency listing: https://www.myneta.info/LokSabha2024/index.php?action=show_candidates&constituency_id=444
2026-06-12 00:58:53,936 [INFO]   ✓ Winner: Anil Baluni (id=273)
2026-06-12 00:58:53,942 [INFO]   ↳ sleeping 12.5s
2026-06-12 00:59:06,461 [INFO] [445/543] Fetching constituency listing: https://www.myneta.info/LokSabha2024/index.php?action=show_candidates&constituency_id=445
2026-06-12 00:59:07,672 [INFO]   ✓ Winner: Ajay Tamta (id=20)
2026-06-12 00:59:07,675 [INFO]   ↳ sleeping 18.2s
2026-06-12 00:59:25,852 [INFO] [446/543] Fetching constituency listing: https://www.myneta.info/LokSabha2024/index.php?action=show_candidates&constituency_id=446
2026-06-12 00:59:27,033 [INFO]   ✓ Winner: Ajay Bhatt (id=997)
2026-06-12 00:59:27,037 [INFO]   ↳ sleeping 17.3s
2026-06-12 00:59:44,329 [INFO] [447/543] Fetching constituency listing: https://www.myneta.info/LokSabha2024/index.php?action=show_candidates&constituency_id=447
2026-06-12 00:59:45,819 [INFO]   ✓ Winner: Trivendra Singh Rawat (id=277)
2026-06-12 00:59:45,823 [INFO]   ↳ sleeping 18.6s
2026-06-12 01:00:04,458 [INFO] [448/543] Fetching constituency listing: https://www.myneta.info/LokSabha2024/index.php?action=show_candidates&constituency_id=448
2026-06-12 01:00:05,613 [INFO]   ✓ Winner: Imran Masood (id=298)
2026-06-12 01:00:05,619 [INFO]   ↳ sleeping 16.1s
2026-06-12 01:00:21,677 [INFO] [449/543] Fetching constituency listing: https://www.myneta.info/LokSabha2024/index.php?action=show_candidates&constituency_id=449
2026-06-12 01:00:23,161 [INFO]   ✓ Winner: Iqra Choudhary (id=289)
2026-06-12 01:00:23,166 [INFO]   ↳ sleeping 17.8s
2026-06-12 01:00:40,969 [INFO] [450/543] Fetching constituency listing: https://www.myneta.info/LokSabha2024/index.php?action=show_candidates&constituency_id=450
2026-06-12 01:00:42,436 [INFO]   ✓ Winner: Harendra Singh Malik (id=286)
2026-06-12 01:00:42,439 [INFO]   ↳ sleeping 13.6s
2026-06-12 01:00:56,088 [INFO] [451/543] Fetching constituency listing: https://www.myneta.info/LokSabha2024/index.php?action=show_candidates&constituency_id=451
2026-06-12 01:00:57,241 [INFO]   ✓ Winner: Chandan Chauhan (id=869)
2026-06-12 01:00:57,243 [INFO]   ↳ sleeping 16.3s
2026-06-12 01:01:13,521 [INFO] [452/543] Fetching constituency listing: https://www.myneta.info/LokSabha2024/index.php?action=show_candidates&constituency_id=452
2026-06-12 01:01:14,688 [INFO]   ✓ Winner: Chandrashekhar (id=39)
2026-06-12 01:01:14,690 [INFO]   ↳ sleeping 15.3s
2026-06-12 01:01:30,020 [INFO] [453/543] Fetching constituency listing: https://www.myneta.info/LokSabha2024/index.php?action=show_candidates&constituency_id=453
2026-06-12 01:01:31,456 [INFO]   ✓ Winner: Ruchi Vira (id=877)
2026-06-12 01:01:31,462 [INFO]   ↳ sleeping 13.0s
2026-06-12 01:01:44,444 [INFO] [454/543] Fetching constituency listing: https://www.myneta.info/LokSabha2024/index.php?action=show_candidates&constituency_id=454
2026-06-12 01:01:46,595 [INFO]   ✓ Winner: Mohibbullah (id=902)
2026-06-12 01:01:46,601 [INFO]   ↳ sleeping 12.5s
2026-06-12 01:01:59,128 [INFO] [455/543] Fetching constituency listing: https://www.myneta.info/LokSabha2024/index.php?action=show_candidates&constituency_id=455
2026-06-12 01:02:00,320 [INFO]   ✓ Winner: Jitin Prasada (id=899)
2026-06-12 01:02:00,324 [INFO]   ↳ sleeping 12.9s
2026-06-12 01:02:13,236 [INFO] [456/543] Fetching constituency listing: https://www.myneta.info/LokSabha2024/index.php?action=show_candidates&constituency_id=456
2026-06-12 01:02:14,733 [INFO]   ✓ Winner: Kanwar Singh Tanwar (id=1807)
2026-06-12 01:02:14,738 [INFO]   ↳ sleeping 12.4s
2026-06-12 01:02:27,152 [INFO] [457/543] Fetching constituency listing: https://www.myneta.info/LokSabha2024/index.php?action=show_candidates&constituency_id=457
2026-06-12 01:02:28,320 [INFO]   ✓ Winner: Arun Govil (id=1923)
2026-06-12 01:02:28,328 [INFO]   ↳ sleeping 10.9s
2026-06-12 01:02:39,250 [INFO] [458/543] Fetching constituency listing: https://www.myneta.info/LokSabha2024/index.php?action=show_candidates&constituency_id=458
2026-06-12 01:02:40,456 [INFO]   ✓ Winner: Dr Rajkumar Sangwan (id=1808)
2026-06-12 01:02:40,458 [INFO]   ↳ sleeping 16.1s
2026-06-12 01:02:56,611 [INFO] [459/543] Fetching constituency listing: https://www.myneta.info/LokSabha2024/index.php?action=show_candidates&constituency_id=459
2026-06-12 01:02:58,104 [INFO]   ✓ Winner: Atul Garg (id=2518)
2026-06-12 01:02:58,109 [INFO]   ↳ sleeping 14.7s
2026-06-12 01:03:12,784 [INFO] [460/543] Fetching constituency listing: https://www.myneta.info/LokSabha2024/index.php?action=show_candidates&constituency_id=460
2026-06-12 01:03:14,269 [INFO]   ✓ Winner: Dr. Mahesh Sharma (id=2512)
2026-06-12 01:03:14,273 [INFO]   ↳ sleeping 19.8s
2026-06-12 01:03:34,076 [INFO] [461/543] Fetching constituency listing: https://www.myneta.info/LokSabha2024/index.php?action=show_candidates&constituency_id=461
2026-06-12 01:03:35,270 [INFO]   ✓ Winner: Dr Bhola Singh (id=2502)
2026-06-12 01:03:35,273 [INFO]   ↳ sleeping 15.4s
2026-06-12 01:03:50,682 [INFO] [462/543] Fetching constituency listing: https://www.myneta.info/LokSabha2024/index.php?action=show_candidates&constituency_id=462
2026-06-12 01:03:51,895 [WARNING]   No winner found for constituency 462
2026-06-12 01:03:51,897 [INFO]   ↳ sleeping 13.6s
2026-06-12 01:04:05,508 [INFO] [463/543] Fetching constituency listing: https://www.myneta.info/LokSabha2024/index.php?action=show_candidates&constituency_id=463
2026-06-12 01:04:06,997 [INFO]   ✓ Winner: Satish Kumar Gautam (id=1806)
2026-06-12 01:04:07,001 [INFO]   ↳ sleeping 12.3s
2026-06-12 01:04:19,348 [INFO] [464/543] Fetching constituency listing: https://www.myneta.info/LokSabha2024/index.php?action=show_candidates&constituency_id=464
2026-06-12 01:04:20,840 [INFO]   ✓ Winner: Hemamalini Dharmendra Deol (id=2797)
2026-06-12 01:04:20,844 [INFO]   ↳ sleeping 18.6s
2026-06-12 01:04:39,424 [INFO] [465/543] Fetching constituency listing: https://www.myneta.info/LokSabha2024/index.php?action=show_candidates&constituency_id=465
2026-06-12 01:04:40,620 [INFO]   ✓ Winner: Zia Ur Rehman (id=4084)
2026-06-12 01:04:40,624 [INFO]   ↳ sleeping 18.1s
2026-06-12 01:04:58,709 [INFO] [466/543] Fetching constituency listing: https://www.myneta.info/LokSabha2024/index.php?action=show_candidates&constituency_id=466
2026-06-12 01:04:59,910 [INFO]   ✓ Winner: Anoop Pradhan Balmiki (id=3697)
2026-06-12 01:04:59,913 [INFO]   ↳ sleeping 12.7s
2026-06-12 01:05:12,589 [INFO] [467/543] Fetching constituency listing: https://www.myneta.info/LokSabha2024/index.php?action=show_candidates&constituency_id=467
2026-06-12 01:05:13,784 [INFO]   ✓ Winner: Prof S P Singh Baghel (id=3493)
2026-06-12 01:05:13,788 [INFO]   ↳ sleeping 10.9s
2026-06-12 01:05:24,693 [INFO] [468/543] Fetching constituency listing: https://www.myneta.info/LokSabha2024/index.php?action=show_candidates&constituency_id=468
2026-06-12 01:05:25,854 [INFO]   ✓ Winner: Rajkumar Chahar (id=4223)
2026-06-12 01:05:25,856 [INFO]   ↳ sleeping 10.7s
2026-06-12 01:05:36,570 [INFO] [469/543] Fetching constituency listing: https://www.myneta.info/LokSabha2024/index.php?action=show_candidates&constituency_id=469
2026-06-12 01:05:37,736 [INFO]   ✓ Winner: Akshaya Yadav (id=3481)
2026-06-12 01:05:37,739 [INFO]   ↳ sleeping 16.6s
2026-06-12 01:05:54,383 [INFO] [470/543] Fetching constituency listing: https://www.myneta.info/LokSabha2024/index.php?action=show_candidates&constituency_id=470
2026-06-12 01:05:55,614 [INFO]   ✓ Winner: Dimple Yadav (id=3607)
2026-06-12 01:05:55,617 [INFO]   ↳ sleeping 10.8s
2026-06-12 01:06:06,379 [INFO] [471/543] Fetching constituency listing: https://www.myneta.info/LokSabha2024/index.php?action=show_candidates&constituency_id=471
2026-06-12 01:06:07,557 [INFO]   ✓ Winner: Devesh Shakya (id=3703)
2026-06-12 01:06:07,560 [INFO]   ↳ sleeping 17.3s
2026-06-12 01:06:24,908 [INFO] [472/543] Fetching constituency listing: https://www.myneta.info/LokSabha2024/index.php?action=show_candidates&constituency_id=472
2026-06-12 01:06:26,099 [INFO]   ✓ Winner: Aditya Yadav (id=3490)
2026-06-12 01:06:26,102 [INFO]   ↳ sleeping 12.5s
2026-06-12 01:06:38,640 [INFO] [473/543] Fetching constituency listing: https://www.myneta.info/LokSabha2024/index.php?action=show_candidates&constituency_id=473
2026-06-12 01:06:39,795 [INFO]   ✓ Winner: Neeraj Maurya (id=3586)
2026-06-12 01:06:39,798 [INFO]   ↳ sleeping 15.2s
2026-06-12 01:06:54,980 [INFO] [474/543] Fetching constituency listing: https://www.myneta.info/LokSabha2024/index.php?action=show_candidates&constituency_id=474
2026-06-12 01:06:56,199 [INFO]   ✓ Winner: Chhatra Pal Singh Gangwar (id=3486)
2026-06-12 01:06:56,202 [INFO]   ↳ sleeping 17.8s
2026-06-12 01:07:14,001 [INFO] [475/543] Fetching constituency listing: https://www.myneta.info/LokSabha2024/index.php?action=show_candidates&constituency_id=475
2026-06-12 01:07:15,196 [INFO]   ✓ Winner: Arun Kumar Sagar (id=5206)
2026-06-12 01:07:15,199 [INFO]   ↳ sleeping 19.1s
2026-06-12 01:07:34,272 [INFO] [476/543] Fetching constituency listing: https://www.myneta.info/LokSabha2024/index.php?action=show_candidates&constituency_id=476
2026-06-12 01:07:35,760 [INFO]   ✓ Winner: Utkarsh Verma (Madhur) (id=5211)
2026-06-12 01:07:35,764 [INFO]   ↳ sleeping 12.3s
2026-06-12 01:07:48,102 [INFO] [477/543] Fetching constituency listing: https://www.myneta.info/LokSabha2024/index.php?action=show_candidates&constituency_id=477
2026-06-12 01:07:49,233 [WARNING]   No winner found for constituency 477
2026-06-12 01:07:49,235 [INFO]   ↳ sleeping 15.5s
2026-06-12 01:08:04,740 [INFO] [478/543] Fetching constituency listing: https://www.myneta.info/LokSabha2024/index.php?action=show_candidates&constituency_id=478
2026-06-12 01:08:05,945 [INFO]   ✓ Winner: Anand Bhadauriya (id=5215)
2026-06-12 01:08:05,947 [INFO]   ↳ sleeping 18.0s
2026-06-12 01:08:23,912 [INFO] [479/543] Fetching constituency listing: https://www.myneta.info/LokSabha2024/index.php?action=show_candidates&constituency_id=479
2026-06-12 01:08:25,086 [INFO]   ✓ Winner: Rakesh Rathor (id=5381)
2026-06-12 01:08:25,089 [INFO]   ↳ sleeping 13.3s
2026-06-12 01:08:38,401 [INFO] [480/543] Fetching constituency listing: https://www.myneta.info/LokSabha2024/index.php?action=show_candidates&constituency_id=480
2026-06-12 01:08:39,553 [INFO]   ✓ Winner: Jai Prakash (id=5076)
2026-06-12 01:08:39,555 [INFO]   ↳ sleeping 11.1s
2026-06-12 01:08:50,643 [INFO] [481/543] Fetching constituency listing: https://www.myneta.info/LokSabha2024/index.php?action=show_candidates&constituency_id=481
2026-06-12 01:08:51,864 [INFO]   ✓ Winner: Ashok Kumar Rawat (id=5077)
2026-06-12 01:08:51,869 [INFO]   ↳ sleeping 12.5s
2026-06-12 01:09:04,421 [INFO] [482/543] Fetching constituency listing: https://www.myneta.info/LokSabha2024/index.php?action=show_candidates&constituency_id=482
2026-06-12 01:09:05,586 [INFO]   ✓ Winner: Swami Sachchidanand Hari Sakshi (id=5376)
2026-06-12 01:09:05,590 [INFO]   ↳ sleeping 14.6s
2026-06-12 01:09:20,177 [INFO] [483/543] Fetching constituency listing: https://www.myneta.info/LokSabha2024/index.php?action=show_candidates&constituency_id=483
2026-06-12 01:09:21,327 [INFO]   ✓ Winner: Mukesh Rajput (id=5214)
2026-06-12 01:09:21,330 [INFO]   ↳ sleeping 11.7s
2026-06-12 01:09:33,054 [INFO] [484/543] Fetching constituency listing: https://www.myneta.info/LokSabha2024/index.php?action=show_candidates&constituency_id=484
2026-06-12 01:09:34,320 [INFO]   ✓ Winner: Jitendra Kumar Dohare (id=5079)
2026-06-12 01:09:34,326 [INFO]   ↳ sleeping 12.0s
2026-06-12 01:09:46,362 [INFO] [485/543] Fetching constituency listing: https://www.myneta.info/LokSabha2024/index.php?action=show_candidates&constituency_id=485
2026-06-12 01:09:47,836 [INFO]   ✓ Winner: Akhilesh Yadav (id=6236)
2026-06-12 01:09:47,839 [INFO]   ↳ sleeping 18.0s
2026-06-12 01:10:05,858 [INFO] [486/543] Fetching constituency listing: https://www.myneta.info/LokSabha2024/index.php?action=show_candidates&constituency_id=486
2026-06-12 01:10:07,043 [INFO]   ✓ Winner: Ramesh Awasthi (id=5080)
2026-06-12 01:10:07,047 [INFO]   ↳ sleeping 11.2s
2026-06-12 01:10:18,239 [INFO] [487/543] Fetching constituency listing: https://www.myneta.info/LokSabha2024/index.php?action=show_candidates&constituency_id=487
2026-06-12 01:10:19,477 [INFO]   ✓ Winner: Devendra Singh Alias Bhole Singh (id=5083)
2026-06-12 01:10:19,479 [INFO]   ↳ sleeping 18.1s
2026-06-12 01:10:37,601 [INFO] [488/543] Fetching constituency listing: https://www.myneta.info/LokSabha2024/index.php?action=show_candidates&constituency_id=488
2026-06-12 01:10:38,790 [INFO]   ✓ Winner: Anand Kumar (id=5217)
2026-06-12 01:10:38,792 [INFO]   ↳ sleeping 11.6s
2026-06-12 01:10:50,438 [INFO] [489/543] Fetching constituency listing: https://www.myneta.info/LokSabha2024/index.php?action=show_candidates&constituency_id=489
2026-06-12 01:10:51,891 [INFO]   ✓ Winner: R.K. Chaudhary (id=7161)
2026-06-12 01:10:51,896 [INFO]   ↳ sleeping 13.1s
2026-06-12 01:11:04,972 [INFO] [490/543] Fetching constituency listing: https://www.myneta.info/LokSabha2024/index.php?action=show_candidates&constituency_id=490
2026-06-12 01:11:06,147 [INFO]   ✓ Winner: Raj Nath Singh (id=7169)
2026-06-12 01:11:06,157 [INFO]   ↳ sleeping 19.3s
2026-06-12 01:11:25,431 [INFO] [491/543] Fetching constituency listing: https://www.myneta.info/LokSabha2024/index.php?action=show_candidates&constituency_id=491
2026-06-12 01:11:26,627 [INFO]   ✓ Winner: Rahul Gandhi (id=7651)
2026-06-12 01:11:26,630 [INFO]   ↳ sleeping 18.6s
2026-06-12 01:11:45,266 [INFO] [492/543] Fetching constituency listing: https://www.myneta.info/LokSabha2024/index.php?action=show_candidates&constituency_id=492
2026-06-12 01:11:46,464 [WARNING]   No winner found for constituency 492
2026-06-12 01:11:46,468 [INFO]   ↳ sleeping 15.7s
2026-06-12 01:12:02,187 [INFO] [493/543] Fetching constituency listing: https://www.myneta.info/LokSabha2024/index.php?action=show_candidates&constituency_id=493
2026-06-12 01:12:03,338 [INFO]   ✓ Winner: Kishori Lal (id=7521)
2026-06-12 01:12:03,341 [INFO]   ↳ sleeping 18.3s
2026-06-12 01:12:21,646 [INFO] [494/543] Fetching constituency listing: https://www.myneta.info/LokSabha2024/index.php?action=show_candidates&constituency_id=494
2026-06-12 01:12:22,825 [INFO]   ✓ Winner: Narayan Das Ahirwar (id=7173)
2026-06-12 01:12:22,827 [INFO]   ↳ sleeping 19.3s
2026-06-12 01:12:42,097 [INFO] [495/543] Fetching constituency listing: https://www.myneta.info/LokSabha2024/index.php?action=show_candidates&constituency_id=495
2026-06-12 01:12:43,299 [INFO]   ✓ Winner: Anurag Sharma (id=7176)
2026-06-12 01:12:43,302 [INFO]   ↳ sleeping 13.0s
2026-06-12 01:12:56,355 [INFO] [496/543] Fetching constituency listing: https://www.myneta.info/LokSabha2024/index.php?action=show_candidates&constituency_id=496
2026-06-12 01:12:57,541 [INFO]   ✓ Winner: Ajendra Singh Lodhi (id=7179)
2026-06-12 01:12:57,543 [INFO]   ↳ sleeping 19.6s
2026-06-12 01:13:17,194 [INFO] [497/543] Fetching constituency listing: https://www.myneta.info/LokSabha2024/index.php?action=show_candidates&constituency_id=497
2026-06-12 01:13:18,638 [INFO]   ✓ Winner: Krishna Devi Shivshanker Patel (id=7448)
2026-06-12 01:13:18,642 [INFO]   ↳ sleeping 19.1s
2026-06-12 01:13:37,758 [INFO] [498/543] Fetching constituency listing: https://www.myneta.info/LokSabha2024/index.php?action=show_candidates&constituency_id=498
2026-06-12 01:13:39,200 [INFO]   ✓ Winner: Naresh Chandra Uttam Patel (id=7595)
2026-06-12 01:13:39,203 [INFO]   ↳ sleeping 19.8s
2026-06-12 01:13:59,034 [INFO] [499/543] Fetching constituency listing: https://www.myneta.info/LokSabha2024/index.php?action=show_candidates&constituency_id=499
2026-06-12 01:14:00,224 [INFO]   ✓ Winner: Pushpendra Saroj (id=7611)
2026-06-12 01:14:00,226 [INFO]   ↳ sleeping 15.9s
2026-06-12 01:14:16,154 [INFO] [500/543] Fetching constituency listing: https://www.myneta.info/LokSabha2024/index.php?action=show_candidates&constituency_id=500
2026-06-12 01:14:17,638 [INFO]   ✓ Winner: Tanuj Punia (id=7187)
2026-06-12 01:14:17,642 [INFO]   ↳ sleeping 15.7s
2026-06-12 01:14:33,340 [INFO] [501/543] Fetching constituency listing: https://www.myneta.info/LokSabha2024/index.php?action=show_candidates&constituency_id=501
2026-06-12 01:14:34,825 [INFO]   ✓ Winner: Awadhesh Prasad (id=7190)
2026-06-12 01:14:34,830 [INFO]   ↳ sleeping 16.7s
2026-06-12 01:14:51,566 [INFO] [502/543] Fetching constituency listing: https://www.myneta.info/LokSabha2024/index.php?action=show_candidates&constituency_id=502
2026-06-12 01:14:52,712 [INFO]   ✓ Winner: Karan Bhushan Singh (id=7440)
2026-06-12 01:14:52,714 [INFO]   ↳ sleeping 19.3s
2026-06-12 01:15:11,983 [INFO] [503/543] Fetching constituency listing: https://www.myneta.info/LokSabha2024/index.php?action=show_candidates&constituency_id=503
2026-06-12 01:15:13,137 [INFO]   ✓ Winner: Kirtivardhan Singh (id=7194)
2026-06-12 01:15:13,140 [INFO]   ↳ sleeping 16.3s
2026-06-12 01:15:29,397 [INFO] [504/543] Fetching constituency listing: https://www.myneta.info/LokSabha2024/index.php?action=show_candidates&constituency_id=504
2026-06-12 01:15:30,634 [INFO]   ✓ Winner: Rambhual Nishad (id=8073)
2026-06-12 01:15:30,637 [INFO]   ↳ sleeping 13.2s
2026-06-12 01:15:43,818 [INFO] [505/543] Fetching constituency listing: https://www.myneta.info/LokSabha2024/index.php?action=show_candidates&constituency_id=505
2026-06-12 01:15:45,313 [INFO]   ✓ Winner: Shiv Pal Singh Patel (Dr. S P Singh) (id=8331)
2026-06-12 01:15:45,317 [INFO]   ↳ sleeping 16.9s
2026-06-12 01:16:02,270 [INFO] [506/543] Fetching constituency listing: https://www.myneta.info/LokSabha2024/index.php?action=show_candidates&constituency_id=506
2026-06-12 01:16:03,712 [INFO]   ✓ Winner: Praveen Patel (id=8358)
2026-06-12 01:16:03,717 [INFO]   ↳ sleeping 12.0s
2026-06-12 01:16:15,715 [INFO] [507/543] Fetching constituency listing: https://www.myneta.info/LokSabha2024/index.php?action=show_candidates&constituency_id=507
2026-06-12 01:16:16,901 [WARNING]   No winner found for constituency 507
2026-06-12 01:16:16,903 [INFO]   ↳ sleeping 19.2s
2026-06-12 01:16:36,067 [INFO] [508/543] Fetching constituency listing: https://www.myneta.info/LokSabha2024/index.php?action=show_candidates&constituency_id=508
2026-06-12 01:16:37,544 [INFO]   ✓ Winner: Ujjwal Raman Singh (id=8371)
2026-06-12 01:16:37,549 [INFO]   ↳ sleeping 10.6s
2026-06-12 01:16:48,128 [INFO] [509/543] Fetching constituency listing: https://www.myneta.info/LokSabha2024/index.php?action=show_candidates&constituency_id=509
2026-06-12 01:16:49,282 [INFO]   ✓ Winner: Lalji Verma (id=8171)
2026-06-12 01:16:49,284 [INFO]   ↳ sleeping 10.4s
2026-06-12 01:16:59,682 [INFO] [510/543] Fetching constituency listing: https://www.myneta.info/LokSabha2024/index.php?action=show_candidates&constituency_id=510
2026-06-12 01:17:00,864 [INFO]   ✓ Winner: Ram Shiromani Verma (id=8159)
2026-06-12 01:17:00,868 [INFO]   ↳ sleeping 10.5s
2026-06-12 01:17:11,420 [INFO] [511/543] Fetching constituency listing: https://www.myneta.info/LokSabha2024/index.php?action=show_candidates&constituency_id=511
2026-06-12 01:17:12,162 [INFO]   ✓ Winner: Jagdambika Pal (id=8151)
2026-06-12 01:17:12,168 [INFO]   ↳ sleeping 14.7s
2026-06-12 01:17:26,851 [INFO] [512/543] Fetching constituency listing: https://www.myneta.info/LokSabha2024/index.php?action=show_candidates&constituency_id=512
2026-06-12 01:17:28,069 [INFO]   ✓ Winner: Ram Prasad Chaudhary (id=8150)
2026-06-12 01:17:28,074 [INFO]   ↳ sleeping 12.9s
2026-06-12 01:17:40,964 [INFO] [513/543] Fetching constituency listing: https://www.myneta.info/LokSabha2024/index.php?action=show_candidates&constituency_id=513
2026-06-12 01:17:42,146 [INFO]   ✓ Winner: Laxmikant Pappu Nishad (id=8387)
2026-06-12 01:17:42,150 [INFO]   ↳ sleeping 14.3s
2026-06-12 01:17:56,435 [INFO] [514/543] Fetching constituency listing: https://www.myneta.info/LokSabha2024/index.php?action=show_candidates&constituency_id=514
2026-06-12 01:17:57,602 [INFO]   ✓ Winner: Daroga Prasad Saroj (id=8140)
2026-06-12 01:17:57,604 [INFO]   ↳ sleeping 16.9s
2026-06-12 01:18:14,552 [INFO] [515/543] Fetching constituency listing: https://www.myneta.info/LokSabha2024/index.php?action=show_candidates&constituency_id=515
2026-06-12 01:18:15,740 [INFO]   ✓ Winner: Dharmendra Yadav (id=8128)
2026-06-12 01:18:15,743 [INFO]   ↳ sleeping 10.8s
2026-06-12 01:18:26,593 [INFO] [516/543] Fetching constituency listing: https://www.myneta.info/LokSabha2024/index.php?action=show_candidates&constituency_id=516
2026-06-12 01:18:27,392 [INFO]   ✓ Winner: Babu Singh Kushwaha (id=8397)
2026-06-12 01:18:27,395 [INFO]   ↳ sleeping 13.0s
2026-06-12 01:18:40,353 [INFO] [517/543] Fetching constituency listing: https://www.myneta.info/LokSabha2024/index.php?action=show_candidates&constituency_id=517
2026-06-12 01:18:41,509 [INFO]   ✓ Winner: Priya Saroj (id=8097)
2026-06-12 01:18:41,512 [INFO]   ↳ sleeping 14.7s
2026-06-12 01:18:56,193 [INFO] [518/543] Fetching constituency listing: https://www.myneta.info/LokSabha2024/index.php?action=show_candidates&constituency_id=518
2026-06-12 01:18:57,355 [INFO]   ✓ Winner: Dr. Vinod Kumar Bind (id=8081)
2026-06-12 01:18:57,357 [INFO]   ↳ sleeping 13.3s
2026-06-12 01:19:10,695 [INFO] [519/543] Fetching constituency listing: https://www.myneta.info/LokSabha2024/index.php?action=show_candidates&constituency_id=519
2026-06-12 01:19:11,890 [INFO]   ✓ Winner: Pankaj Chaudhary (id=8774)
2026-06-12 01:19:11,892 [INFO]   ↳ sleeping 12.9s
2026-06-12 01:19:24,787 [INFO] [520/543] Fetching constituency listing: https://www.myneta.info/LokSabha2024/index.php?action=show_candidates&constituency_id=520
2026-06-12 01:19:26,230 [INFO]   ✓ Winner: Ravindra Shukla Alias Ravi Kishan (id=8791)
2026-06-12 01:19:26,234 [INFO]   ↳ sleeping 18.7s
2026-06-12 01:19:44,892 [INFO] [521/543] Fetching constituency listing: https://www.myneta.info/LokSabha2024/index.php?action=show_candidates&constituency_id=521
2026-06-12 01:19:46,058 [INFO]   ✓ Winner: Vijay Kumar Dubay (id=9114)
2026-06-12 01:19:46,061 [INFO]   ↳ sleeping 11.7s
2026-06-12 01:19:57,758 [INFO] [522/543] Fetching constituency listing: https://www.myneta.info/LokSabha2024/index.php?action=show_candidates&constituency_id=522
2026-06-12 01:19:58,930 [WARNING]   No winner found for constituency 522
2026-06-12 01:19:58,933 [INFO]   ↳ sleeping 16.5s
2026-06-12 01:20:15,487 [INFO] [523/543] Fetching constituency listing: https://www.myneta.info/LokSabha2024/index.php?action=show_candidates&constituency_id=523
2026-06-12 01:20:16,652 [INFO]   ✓ Winner: Shashank Mani (id=9465)
2026-06-12 01:20:16,655 [INFO]   ↳ sleeping 14.2s
2026-06-12 01:20:30,905 [INFO] [524/543] Fetching constituency listing: https://www.myneta.info/LokSabha2024/index.php?action=show_candidates&constituency_id=524
2026-06-12 01:20:32,116 [INFO]   ✓ Winner: Kamlesh Paswan (id=8799)
2026-06-12 01:20:32,118 [INFO]   ↳ sleeping 14.0s
2026-06-12 01:20:46,143 [INFO] [525/543] Fetching constituency listing: https://www.myneta.info/LokSabha2024/index.php?action=show_candidates&constituency_id=525
2026-06-12 01:20:47,594 [INFO]   ✓ Winner: Rajeev Rai (id=9348)
2026-06-12 01:20:47,600 [INFO]   ↳ sleeping 14.7s
2026-06-12 01:21:02,334 [INFO] [526/543] Fetching constituency listing: https://www.myneta.info/LokSabha2024/index.php?action=show_candidates&constituency_id=526
2026-06-12 01:21:03,507 [INFO]   ✓ Winner: Ramashankar Rajbhar (id=9455)
2026-06-12 01:21:03,510 [INFO]   ↳ sleeping 19.7s
2026-06-12 01:21:23,249 [INFO] [527/543] Fetching constituency listing: https://www.myneta.info/LokSabha2024/index.php?action=show_candidates&constituency_id=527
2026-06-12 01:21:24,700 [INFO]   ✓ Winner: Sanatan Pandey (id=9447)
2026-06-12 01:21:24,704 [INFO]   ↳ sleeping 19.9s
2026-06-12 01:21:44,571 [INFO] [528/543] Fetching constituency listing: https://www.myneta.info/LokSabha2024/index.php?action=show_candidates&constituency_id=528
2026-06-12 01:21:45,761 [INFO]   ✓ Winner: Afzal Ansari (id=9428)
2026-06-12 01:21:45,764 [INFO]   ↳ sleeping 17.3s
2026-06-12 01:22:03,046 [INFO] [529/543] Fetching constituency listing: https://www.myneta.info/LokSabha2024/index.php?action=show_candidates&constituency_id=529
2026-06-12 01:22:04,552 [INFO]   ✓ Winner: Birendra Singh (id=8803)
2026-06-12 01:22:04,559 [INFO]   ↳ sleeping 18.1s
2026-06-12 01:22:22,659 [INFO] [530/543] Fetching constituency listing: https://www.myneta.info/LokSabha2024/index.php?action=show_candidates&constituency_id=530
2026-06-12 01:22:23,850 [INFO]   ✓ Winner: Narendra Modi (id=8974)
2026-06-12 01:22:23,853 [INFO]   ↳ sleeping 19.2s
2026-06-12 01:22:43,038 [INFO] [531/543] Fetching constituency listing: https://www.myneta.info/LokSabha2024/index.php?action=show_candidates&constituency_id=531
2026-06-12 01:22:44,457 [INFO]   ✓ Winner: Anupriya Patel (id=9380)
2026-06-12 01:22:44,462 [INFO]   ↳ sleeping 19.4s
2026-06-12 01:23:03,837 [INFO] [532/543] Fetching constituency listing: https://www.myneta.info/LokSabha2024/index.php?action=show_candidates&constituency_id=532
2026-06-12 01:23:05,035 [INFO]   ✓ Winner: Chhotelal (id=9098)
2026-06-12 01:23:05,039 [INFO]   ↳ sleeping 15.9s
2026-06-12 01:23:20,975 [INFO] [533/543] Fetching constituency listing: https://www.myneta.info/LokSabha2024/index.php?action=show_candidates&constituency_id=533
2026-06-12 01:23:22,146 [WARNING]   No winner found for constituency 533
2026-06-12 01:23:22,148 [INFO]   ↳ sleeping 13.2s
2026-06-12 01:23:35,355 [INFO] [534/543] Fetching constituency listing: https://www.myneta.info/LokSabha2024/index.php?action=show_candidates&constituency_id=534
2026-06-12 01:23:36,780 [INFO]   ✓ Winner: Jagadish Chandra Barma Basunia (id=957)
2026-06-12 01:23:36,782 [INFO]   ↳ sleeping 14.9s
2026-06-12 01:23:51,687 [INFO] [535/543] Fetching constituency listing: https://www.myneta.info/LokSabha2024/index.php?action=show_candidates&constituency_id=535
2026-06-12 01:23:53,160 [INFO]   ✓ Winner: Manoj Tigga (id=13)
2026-06-12 01:23:53,167 [INFO]   ↳ sleeping 15.0s
2026-06-12 01:24:08,187 [INFO] [536/543] Fetching constituency listing: https://www.myneta.info/LokSabha2024/index.php?action=show_candidates&constituency_id=536
2026-06-12 01:24:09,668 [INFO]   ✓ Winner: Dr Jayanta Kumar Roy (id=970)
2026-06-12 01:24:09,674 [INFO]   ↳ sleeping 12.2s
2026-06-12 01:24:21,870 [INFO] [537/543] Fetching constituency listing: https://www.myneta.info/LokSabha2024/index.php?action=show_candidates&constituency_id=537
2026-06-12 01:24:23,298 [INFO]   ✓ Winner: Raju Bista (id=2218)
2026-06-12 01:24:23,304 [INFO]   ↳ sleeping 18.4s
2026-06-12 01:24:41,706 [INFO] [538/543] Fetching constituency listing: https://www.myneta.info/LokSabha2024/index.php?action=show_candidates&constituency_id=538
2026-06-12 01:24:43,200 [INFO]   ✓ Winner: Kartick Chandra Paul (id=1801)
2026-06-12 01:24:43,204 [INFO]   ↳ sleeping 11.9s
2026-06-12 01:24:55,130 [INFO] [539/543] Fetching constituency listing: https://www.myneta.info/LokSabha2024/index.php?action=show_candidates&constituency_id=539
2026-06-12 01:24:56,598 [INFO]   ✓ Winner: Sukanta Majumdar (id=2211)
2026-06-12 01:24:56,605 [INFO]   ↳ sleeping 14.1s
2026-06-12 01:25:10,700 [INFO] [540/543] Fetching constituency listing: https://www.myneta.info/LokSabha2024/index.php?action=show_candidates&constituency_id=540
2026-06-12 01:25:12,177 [INFO]   ✓ Winner: Khagen Murmu (id=3375)
2026-06-12 01:25:12,182 [INFO]   ↳ sleeping 18.9s
2026-06-12 01:25:31,095 [INFO] [541/543] Fetching constituency listing: https://www.myneta.info/LokSabha2024/index.php?action=show_candidates&constituency_id=541
2026-06-12 01:25:32,571 [INFO]   ✓ Winner: Isha Khan Choudhury (id=3465)
2026-06-12 01:25:32,575 [INFO]   ↳ sleeping 12.1s
2026-06-12 01:25:44,721 [INFO] [542/543] Fetching constituency listing: https://www.myneta.info/LokSabha2024/index.php?action=show_candidates&constituency_id=542
2026-06-12 01:25:46,189 [INFO]   ✓ Winner: Khalilur Rahaman (id=3378)
2026-06-12 01:25:46,193 [INFO]   ↳ sleeping 15.7s
2026-06-12 01:26:01,914 [INFO] [543/543] Fetching constituency listing: https://www.myneta.info/LokSabha2024/index.php?action=show_candidates&constituency_id=543
2026-06-12 01:26:03,125 [INFO]   ✓ Winner: Abu Taher Khan (id=3377)
2026-06-12 01:26:03,129 [INFO]   ↳ sleeping 19.4s
2026-06-12 01:26:22,500 [INFO] Stage 1 complete. 510 winners found.
2026-06-12 01:26:22,503 [INFO] Done.
2026-06-12 01:52:43,875 [INFO] Stage 2: scraping 510 candidate pages. 0 already done.
2026-06-12 01:52:43,876 [INFO] [1/510] candidate_id=5099 — Gumma Thanuja Rani
2026-06-12 01:52:45,544 [INFO]   ✓ GUMMA THANUJA RANI | YSRCP | cases=0 | assets=₹2354678
2026-06-12 01:52:45,544 [INFO]   ↳ sleeping 19.9s
2026-06-12 01:53:05,429 [INFO] [2/510] candidate_id=6620 — Kinjarapu Rammohan Naidu
2026-06-12 01:53:06,955 [INFO]   ✓ KINJARAPU RAMMOHAN NAIDU | TDP | cases=4 | assets=₹233073561
2026-06-12 01:53:06,956 [INFO]   ↳ sleeping 15.9s
2026-06-12 01:53:22,895 [INFO] [3/510] candidate_id=5132 — Appalanaidu Kalisetti
2026-06-12 01:53:24,393 [INFO]   ✓ APPALANAIDU KALISETTI | TDP | cases=0 | assets=₹62365187
2026-06-12 01:53:24,393 [INFO]   ↳ sleeping 18.2s
2026-06-12 01:53:42,615 [INFO] [4/510] candidate_id=5130 — Sribharat Mathukumili
2026-06-12 01:53:44,158 [INFO]   ✓ SRIBHARAT MATHUKUMILI | TDP | cases=2 | assets=₹2989586580
2026-06-12 01:53:44,158 [INFO]   ↳ sleeping 17.8s
2026-06-12 01:54:01,984 [INFO] [5/510] candidate_id=5268 — C.M.Ramesh
2026-06-12 01:54:04,081 [INFO]   ✓ C.M.RAMESH | BJP | cases=5 | assets=₹4976024996
2026-06-12 01:54:04,081 [INFO]   ↳ sleeping 14.9s
2026-06-12 01:54:19,026 [INFO] [6/510] candidate_id=5302 — Tangella Uday Srinivas (Tea Time Uday)
2026-06-12 01:54:20,538 [INFO]   ✓ TANGELLA UDAY SRINIVAS (TEA TIME UDAY) | Janasena Party | cases=1 | assets=₹311535620
2026-06-12 01:54:20,538 [INFO]   ↳ sleeping 11.1s
2026-06-12 01:54:31,688 [INFO] [7/510] candidate_id=5300 — G M Harish (Balayogi)
2026-06-12 01:54:33,217 [INFO]   ✓ G M HARISH (BALAYOGI) | TDP | cases=0 | assets=₹105389128
2026-06-12 01:54:33,218 [INFO]   ↳ sleeping 17.4s
2026-06-12 01:54:50,614 [INFO] [8/510] candidate_id=5122 — Daggubati Purandheshwari
2026-06-12 01:54:52,157 [INFO]   ✓ DAGGUBATI PURANDHESHWARI | BJP | cases=1 | assets=₹625041146
2026-06-12 01:54:52,157 [INFO]   ↳ sleeping 15.5s
2026-06-12 01:55:07,614 [INFO] [9/510] candidate_id=5273 — Bhupathi Raju Srinivasa Varma
2026-06-12 01:55:09,271 [INFO]   ✓ BHUPATHI RAJU SRINIVASA VARMA | BJP | cases=0 | assets=₹71664809
2026-06-12 01:55:09,271 [INFO]   ↳ sleeping 13.0s
2026-06-12 01:55:22,230 [INFO] [10/510] candidate_id=5105 — Putta Mahesh Kumar
2026-06-12 01:55:23,736 [INFO]   ✓ PUTTA MAHESH KUMAR | TDP | cases=1 | assets=₹720851715
2026-06-12 01:55:23,736 [INFO]   ↳ sleeping 11.6s
2026-06-12 01:55:35,352 [INFO] [11/510] candidate_id=6657 — Balashowry Vallabhaneni
2026-06-12 01:55:36,855 [INFO]   ✓ BALASHOWRY VALLABHANENI | Janasena Party | cases=2 | assets=₹1337214564
2026-06-12 01:55:36,855 [INFO]   ↳ sleeping 14.7s
2026-06-12 01:55:51,557 [INFO] [12/510] candidate_id=5128 — Kesineni Sivanath (Chinni)
2026-06-12 01:55:53,141 [INFO]   ✓ KESINENI SIVANATH (CHINNI) | TDP | cases=0 | assets=₹292066245
2026-06-12 01:55:53,141 [INFO]   ↳ sleeping 15.6s
2026-06-12 01:56:08,771 [INFO] [13/510] candidate_id=5106 — Dr Chandra Sekhar Pemmasani
2026-06-12 01:56:10,422 [INFO]   ✓ DR CHANDRA SEKHAR PEMMASANI | TDP | cases=1 | assets=₹57054727538
2026-06-12 01:56:10,422 [INFO]   ↳ sleeping 14.6s
2026-06-12 01:56:24,984 [INFO] [14/510] candidate_id=5116 — Lavu Srikrishna Devarayalu
2026-06-12 01:56:26,598 [INFO]   ✓ LAVU SRIKRISHNA DEVARAYALU | TDP | cases=0 | assets=₹566548466
2026-06-12 01:56:26,598 [INFO]   ↳ sleeping 12.8s
2026-06-12 01:56:39,427 [INFO] [15/510] candidate_id=5102 — Krishna Prasad Tenneti
2026-06-12 01:56:41,020 [INFO]   ✓ KRISHNA PRASAD TENNETI | TDP | cases=0 | assets=₹155757943
2026-06-12 01:56:41,020 [INFO]   ↳ sleeping 10.1s
2026-06-12 01:56:51,130 [INFO] [16/510] candidate_id=5120 — Magunta Sreenivasulu Reddy
2026-06-12 01:56:52,081 [INFO]   ✓ MAGUNTA SREENIVASULU REDDY | TDP | cases=0 | assets=₹579539820
2026-06-12 01:56:52,081 [INFO]   ↳ sleeping 13.6s
2026-06-12 01:57:05,722 [INFO] [17/510] candidate_id=5114 — Dr Byreddy Shabari
2026-06-12 01:57:07,272 [INFO]   ✓ DR BYREDDY SHABARI | TDP | cases=2 | assets=₹147631050
2026-06-12 01:57:07,273 [INFO]   ↳ sleeping 12.8s
2026-06-12 01:57:20,030 [INFO] [18/510] candidate_id=6787 — Bastipati Nagaraju Panchalingala
2026-06-12 01:57:21,502 [INFO]   ✓ BASTIPATI NAGARAJU PANCHALINGALA | TDP | cases=0 | assets=₹90176000
2026-06-12 01:57:21,502 [INFO]   ↳ sleeping 10.8s
2026-06-12 01:57:32,263 [INFO] [19/510] candidate_id=5097 — Ambica G Lakshminarayana Valmiki
2026-06-12 01:57:33,180 [INFO]   ✓ AMBICA G LAKSHMINARAYANA VALMIKI | TDP | cases=8 | assets=₹47540056
2026-06-12 01:57:33,180 [INFO]   ↳ sleeping 10.4s
2026-06-12 01:57:43,591 [INFO] [20/510] candidate_id=5109 — B K Parthasarathi
2026-06-12 01:57:45,265 [INFO]   ✓ B K PARTHASARATHI | TDP | cases=15 | assets=₹168959895
2026-06-12 01:57:45,265 [INFO]   ↳ sleeping 11.4s
2026-06-12 01:57:56,680 [INFO] [21/510] candidate_id=5111 — Y. S. Avinash Reddy
2026-06-12 01:57:57,598 [INFO]   ✓ Y. S. AVINASH REDDY | YSRCP | cases=2 | assets=₹404301973
2026-06-12 01:57:57,598 [INFO]   ↳ sleeping 10.2s
2026-06-12 01:58:07,830 [INFO] [22/510] candidate_id=5118 — Prabhakar Reddy Vemireddy
2026-06-12 01:58:09,616 [INFO]   ✓ PRABHAKAR REDDY VEMIREDDY | TDP | cases=6 | assets=₹7163322265
2026-06-12 01:58:09,616 [INFO]   ↳ sleeping 16.9s
2026-06-12 01:58:26,540 [INFO] [23/510] candidate_id=5125 — Gurumoorthy Maddila
2026-06-12 01:58:28,123 [INFO]   ✓ GURUMOORTHY MADDILA | YSRCP | cases=0 | assets=₹13249134
2026-06-12 01:58:28,123 [INFO]   ↳ sleeping 19.5s
2026-06-12 01:58:47,593 [INFO] [24/510] candidate_id=5123 — P V Midhun Reddy
2026-06-12 01:58:49,233 [INFO]   ✓ P V MIDHUN REDDY | YSRCP | cases=0 | assets=₹1468501685
2026-06-12 01:58:49,233 [INFO]   ↳ sleeping 11.0s
2026-06-12 01:59:00,228 [INFO] [25/510] candidate_id=5104 — Daggumalla Prasada Rao
2026-06-12 01:59:01,830 [INFO]   ✓ DAGGUMALLA PRASADA RAO | TDP | cases=0 | assets=₹384493765
2026-06-12 01:59:01,830 [INFO]   ↳ sleeping 14.4s
2026-06-12 01:59:16,245 [INFO] [26/510] candidate_id=251 — Kiren Rijiju
2026-06-12 01:59:17,743 [INFO]   ✓ KIREN RIJIJU | BJP | cases=0 | assets=₹49403234
2026-06-12 01:59:17,743 [INFO]   ↳ sleeping 10.2s
2026-06-12 01:59:27,977 [INFO] [27/510] candidate_id=257 — Tapir Gao
2026-06-12 01:59:28,942 [INFO]   ✓ TAPIR GAO | BJP | cases=0 | assets=₹150537706
2026-06-12 01:59:28,942 [INFO]   ↳ sleeping 18.6s
2026-06-12 01:59:47,549 [INFO] [28/510] candidate_id=732 — Kamakhya Prasad Tasa
2026-06-12 01:59:49,114 [INFO]   ✓ KAMAKHYA PRASAD TASA | BJP | cases=0 | assets=₹20017297
2026-06-12 01:59:49,114 [INFO]   ↳ sleeping 10.0s
2026-06-12 01:59:59,153 [INFO] [29/510] candidate_id=741 — Ranjit Dutta
2026-06-12 02:00:00,714 [INFO]   ✓ RANJIT DUTTA | BJP | cases=0 | assets=₹89792194
2026-06-12 02:00:00,714 [INFO]   ↳ sleeping 11.2s
2026-06-12 02:00:11,928 [INFO] [30/510] candidate_id=239 — Pradan Baruah
2026-06-12 02:00:13,510 [INFO]   ✓ PRADAN BARUAH | BJP | cases=0 | assets=₹24205536
2026-06-12 02:00:13,510 [INFO]   ↳ sleeping 18.2s
2026-06-12 02:00:31,701 [INFO] [31/510] candidate_id=259 — Sarbananda Sonowal
2026-06-12 02:00:33,377 [INFO]   ✓ SARBANANDA SONOWAL | BJP | cases=0 | assets=₹47585258
2026-06-12 02:00:33,377 [INFO]   ↳ sleeping 12.2s
2026-06-12 02:00:45,578 [INFO] [32/510] candidate_id=260 — Gaurav Gogoi
2026-06-12 02:00:47,104 [INFO]   ✓ GAURAV GOGOI | INC | cases=1 | assets=₹49061120
2026-06-12 02:00:47,104 [INFO]   ↳ sleeping 10.8s
2026-06-12 02:00:57,910 [INFO] [33/510] candidate_id=2753 — Dilip Saikia
2026-06-12 02:00:58,855 [INFO]   ✓ DILIP SAIKIA | BJP | cases=0 | assets=₹26442931
2026-06-12 02:00:58,856 [INFO]   ↳ sleeping 16.9s
2026-06-12 02:01:15,805 [INFO] [34/510] candidate_id=1924 — Amarsing Tisso
2026-06-12 02:01:17,382 [INFO]   ✓ AMARSING TISSO | BJP | cases=0 | assets=₹227863561
2026-06-12 02:01:17,382 [INFO]   ↳ sleeping 10.7s
2026-06-12 02:01:28,102 [INFO] [35/510] candidate_id=2206 — Kripanath Mallah
2026-06-12 02:01:29,064 [INFO]   ✓ KRIPANATH MALLAH | BJP | cases=0 | assets=₹18862404
2026-06-12 02:01:29,064 [INFO]   ↳ sleeping 12.6s
2026-06-12 02:07:24,304 [INFO] [36/510] candidate_id=2210 — Parimal Suklabaidya
2026-06-12 02:07:25,987 [INFO]   ✓ PARIMAL SUKLABAIDYA | BJP | cases=0 | assets=₹17257627
2026-06-12 02:07:25,987 [INFO]   ↳ sleeping 10.6s
2026-06-12 02:07:36,570 [INFO] [37/510] candidate_id=2763 — Pradyut Bordoloi
2026-06-12 02:07:38,107 [INFO]   ✓ PRADYUT BORDOLOI | INC | cases=0 | assets=₹83915436
2026-06-12 02:07:38,107 [INFO]   ↳ sleeping 10.6s
2026-06-12 02:07:48,720 [INFO] [38/510] candidate_id=3672 — Joyanta Basumatary
2026-06-12 02:07:50,527 [INFO]   ✓ JOYANTA BASUMATARY | United Peoples Party, Liberal | cases=1 | assets=₹22865797
2026-06-12 02:07:50,527 [INFO]   ↳ sleeping 16.0s
2026-06-12 02:08:06,484 [INFO] [39/510] candidate_id=4100 — Rakibul Hussain
2026-06-12 02:08:08,134 [INFO]   ✓ RAKIBUL HUSSAIN | INC | cases=0 | assets=₹252963888
2026-06-12 02:08:08,134 [INFO]   ↳ sleeping 14.1s
2026-06-12 02:08:22,252 [INFO] [40/510] candidate_id=4099 — Phani Bhusan Choudhury
2026-06-12 02:08:23,788 [INFO]   ✓ PHANI BHUSAN CHOUDHURY | Asom Gana Parishad | cases=1 | assets=₹32806601
2026-06-12 02:08:23,788 [INFO]   ↳ sleeping 15.3s
2026-06-12 02:08:39,053 [INFO] [41/510] candidate_id=4548 — Bijuli Kalita Medhi
2026-06-12 02:08:39,954 [INFO]   ✓ BIJULI KALITA MEDHI | BJP | cases=0 | assets=₹16189751
2026-06-12 02:08:39,955 [INFO]   ↳ sleeping 10.4s
2026-06-12 02:08:50,318 [INFO] [42/510] candidate_id=1702 — Abhay Kumar Sinha
2026-06-12 02:08:51,216 [INFO]   ✓ ABHAY KUMAR SINHA | RJD | cases=16 | assets=₹107718589
2026-06-12 02:08:51,216 [INFO]   ↳ sleeping 19.5s
2026-06-12 02:09:10,767 [INFO] [43/510] candidate_id=1678 — Jitan Ram Manjhi
2026-06-12 02:09:11,706 [INFO]   ✓ JITAN RAM MANJHI | Hindustani Awam Morcha (Secular) | cases=6 | assets=₹3020578
2026-06-12 02:09:11,707 [INFO]   ↳ sleeping 19.8s
2026-06-12 02:09:31,522 [INFO] [44/510] candidate_id=1695 — Vivek Thakur
2026-06-12 02:09:33,022 [INFO]   ✓ VIVEK THAKUR | BJP | cases=0 | assets=₹50566297
2026-06-12 02:09:33,022 [INFO]   ↳ sleeping 13.6s
2026-06-12 02:09:46,595 [INFO] [45/510] candidate_id=1681 — Arun Bharti
2026-06-12 02:09:48,105 [INFO]   ✓ ARUN BHARTI | Lok Janshakti Party(Ram Vilas) | cases=0 | assets=₹64870319
2026-06-12 02:09:48,105 [INFO]   ↳ sleeping 18.6s
2026-06-12 02:10:06,663 [INFO] [46/510] candidate_id=2240 — Mohammad Jawed
2026-06-12 02:10:08,159 [INFO]   ✓ MOHAMMAD JAWED | INC | cases=0 | assets=₹159675943
2026-06-12 02:10:08,159 [INFO]   ↳ sleeping 13.2s
2026-06-12 02:10:21,378 [INFO] [47/510] candidate_id=2239 — Tariq Anwar
2026-06-12 02:10:23,004 [INFO]   ✓ TARIQ ANWAR | INC | cases=0 | assets=₹196057169
2026-06-12 02:10:23,004 [INFO]   ↳ sleeping 14.4s
2026-06-12 02:10:37,400 [INFO] [48/510] candidate_id=2710 — Rajesh Ranjan Alias Pappu Yadav
2026-06-12 02:10:39,036 [INFO]   ✓ RAJESH RANJAN ALIAS PAPPU YADAV | IND | cases=41 | assets=₹120884682
2026-06-12 02:10:39,036 [INFO]   ↳ sleeping 13.0s
2026-06-12 02:10:52,058 [INFO] [49/510] candidate_id=1930 — Ajay Kumar Mandal
2026-06-12 02:10:53,822 [INFO]   ✓ AJAY KUMAR MANDAL | JD(U) | cases=0 | assets=₹12232756
2026-06-12 02:10:53,822 [INFO]   ↳ sleeping 18.8s
2026-06-12 02:11:12,647 [INFO] [50/510] candidate_id=2229 — Giridhari Yadav
2026-06-12 02:11:14,303 [INFO]   ✓ GIRIDHARI YADAV | JD(U) | cases=0 | assets=₹17281101
2026-06-12 02:11:14,304 [INFO]   ↳ sleeping 11.7s
2026-06-12 02:11:25,993 [INFO] [51/510] candidate_id=3437 — Ramprit Mandal
2026-06-12 02:11:27,577 [INFO]   ✓ RAMPRIT MANDAL | JD(U) | cases=0 | assets=₹105978772
2026-06-12 02:11:27,577 [INFO]   ↳ sleeping 13.1s
2026-06-12 02:11:40,634 [INFO] [52/510] candidate_id=3589 — Dileshwar Kamait
2026-06-12 02:11:42,266 [INFO]   ✓ DILESHWAR KAMAIT | JD(U) | cases=1 | assets=₹36191958
2026-06-12 02:11:42,266 [INFO]   ↳ sleeping 19.3s
2026-06-12 02:12:01,528 [INFO] [53/510] candidate_id=3627 — Pradeep Kumar Singh
2026-06-12 02:12:03,249 [INFO]   ✓ PRADEEP KUMAR SINGH | BJP | cases=4 | assets=₹16059806
2026-06-12 02:12:03,249 [INFO]   ↳ sleeping 14.2s
2026-06-12 02:12:17,440 [INFO] [54/510] candidate_id=3423 — Dinesh Chandra Yadav
2026-06-12 02:12:18,962 [INFO]   ✓ DINESH CHANDRA YADAV | JD(U) | cases=0 | assets=₹66209377
2026-06-12 02:12:18,962 [INFO]   ↳ sleeping 13.4s
2026-06-12 02:12:32,380 [INFO] [55/510] candidate_id=3633 — Rajesh Verma
2026-06-12 02:12:33,943 [INFO]   ✓ RAJESH VERMA | Lok Janshakti Party(Ram Vilas) | cases=12 | assets=₹53894412
2026-06-12 02:12:33,943 [INFO]   ↳ sleeping 17.6s
2026-06-12 02:12:51,542 [INFO] [56/510] candidate_id=5055 — Gopal Jee Thakur
2026-06-12 02:12:53,002 [INFO]   ✓ GOPAL JEE THAKUR | BJP | cases=1 | assets=₹39078830
2026-06-12 02:12:53,002 [INFO]   ↳ sleeping 10.4s
2026-06-12 02:13:03,399 [INFO] [57/510] candidate_id=5152 — Nityanand Rai
2026-06-12 02:13:04,323 [INFO]   ✓ NITYANAND RAI | BJP | cases=3 | assets=₹179527017
2026-06-12 02:13:04,323 [INFO]   ↳ sleeping 17.4s
2026-06-12 02:13:21,743 [INFO] [58/510] candidate_id=5057 — Shambhavi
2026-06-12 02:13:23,330 [INFO]   ✓ SHAMBHAVI | Lok Janshakti Party(Ram Vilas) | cases=0 | assets=₹45406719
2026-06-12 02:13:23,331 [INFO]   ↳ sleeping 15.0s
2026-06-12 02:13:38,364 [INFO] [59/510] candidate_id=5058 — Giriraj Singh
2026-06-12 02:13:40,127 [INFO]   ✓ GIRIRAJ SINGH | BJP | cases=3 | assets=₹143169297
2026-06-12 02:13:40,127 [INFO]   ↳ sleeping 10.5s
2026-06-12 02:13:50,605 [INFO] [60/510] candidate_id=5060 — Rajiv Ranjan Singh Alias Lalan Singh
2026-06-12 02:13:51,554 [INFO]   ✓ RAJIV RANJAN SINGH ALIAS LALAN SINGH | JD(U) | cases=0 | assets=₹138228639
2026-06-12 02:13:51,554 [INFO]   ↳ sleeping 11.6s
2026-06-12 02:14:03,126 [INFO] [61/510] candidate_id=7129 — Devesh Chandra Thakur
2026-06-12 02:14:04,691 [INFO]   ✓ DEVESH CHANDRA THAKUR | JD(U) | cases=1 | assets=₹88465387
2026-06-12 02:14:04,691 [INFO]   ↳ sleeping 17.2s
2026-06-12 02:14:21,948 [INFO] [62/510] candidate_id=7275 — Ashok Kumar Yadav
2026-06-12 02:14:23,654 [INFO]   ✓ ASHOK KUMAR YADAV | BJP | cases=2 | assets=₹58583773
2026-06-12 02:14:23,654 [INFO]   ↳ sleeping 13.7s
2026-06-12 02:14:37,339 [INFO] [63/510] candidate_id=7133 — Raj Bhushan Choudhary
2026-06-12 02:14:39,006 [INFO]   ✓ RAJ BHUSHAN CHOUDHARY | BJP | cases=0 | assets=₹205295066
2026-06-12 02:14:39,006 [INFO]   ↳ sleeping 13.3s
2026-06-12 02:14:52,345 [INFO] [64/510] candidate_id=7279 — Rajiv Pratap Rudy
2026-06-12 02:14:54,055 [INFO]   ✓ RAJIV PRATAP RUDY | BJP | cases=0 | assets=₹83711219
2026-06-12 02:14:54,055 [INFO]   ↳ sleeping 12.2s
2026-06-12 02:15:06,229 [INFO] [65/510] candidate_id=7281 — Chirag Paswan
2026-06-12 02:15:07,884 [INFO]   ✓ CHIRAG PASWAN | Lok Janshakti Party(Ram Vilas) | cases=0 | assets=₹26875873
2026-06-12 02:15:07,884 [INFO]   ↳ sleeping 16.7s
2026-06-12 02:15:24,549 [INFO] [66/510] candidate_id=7846 — Sunil Kumar
2026-06-12 02:15:26,213 [INFO]   ✓ SUNIL KUMAR | JD(U) | cases=0 | assets=₹12764194
2026-06-12 02:15:26,213 [INFO]   ↳ sleeping 13.7s
2026-06-12 02:15:39,919 [INFO] [67/510] candidate_id=7852 — Dr.Sanjay Jaiswal
2026-06-12 02:15:41,474 [INFO]   ✓ DR.SANJAY JAISWAL | BJP | cases=5 | assets=₹290535126
2026-06-12 02:15:41,474 [INFO]   ↳ sleeping 17.7s
2026-06-12 02:15:59,156 [INFO] [68/510] candidate_id=7856 — Radha Mohan Singh
2026-06-12 02:16:00,613 [INFO]   ✓ RADHA MOHAN SINGH | BJP | cases=2 | assets=₹42965416
2026-06-12 02:16:00,613 [INFO]   ↳ sleeping 10.8s
2026-06-12 02:16:11,404 [INFO] [69/510] candidate_id=7890 — Lovely Anand
2026-06-12 02:16:12,897 [INFO]   ✓ LOVELY ANAND | JD(U) | cases=0 | assets=₹94553723
2026-06-12 02:16:12,898 [INFO]   ↳ sleeping 15.6s
2026-06-12 02:16:28,533 [INFO] [70/510] candidate_id=8070 — Veena Devi
2026-06-12 02:16:30,233 [INFO]   ✓ VEENA DEVI | Lok Janshakti Party(Ram Vilas) | cases=3 | assets=₹467170049
2026-06-12 02:16:30,233 [INFO]   ↳ sleeping 10.8s
2026-06-12 02:16:41,068 [INFO] [71/510] candidate_id=8110 — Dr. Alok Kumar Suman
2026-06-12 02:16:42,068 [INFO]   ✓ DR. ALOK KUMAR SUMAN | JD(U) | cases=0 | assets=₹26713230
2026-06-12 02:16:42,068 [INFO]   ↳ sleeping 18.6s
2026-06-12 02:17:00,663 [INFO] [72/510] candidate_id=8120 — Vijaylakshmi Devi
2026-06-12 02:17:02,267 [INFO]   ✓ VIJAYLAKSHMI DEVI | JD(U) | cases=0 | assets=₹44130032
2026-06-12 02:17:02,267 [INFO]   ↳ sleeping 11.4s
2026-06-12 02:17:13,656 [INFO] [73/510] candidate_id=8177 — Janardan Singh (Sigriwal)
2026-06-12 02:17:15,374 [INFO]   ✓ JANARDAN SINGH (SIGRIWAL) | BJP | cases=5 | assets=₹17536436
2026-06-12 02:17:15,374 [INFO]   ↳ sleeping 13.2s
2026-06-12 02:17:28,582 [INFO] [74/510] candidate_id=9494 — Kaushalendra Kumar
2026-06-12 02:17:30,194 [INFO]   ✓ KAUSHALENDRA KUMAR | JD(U) | cases=0 | assets=₹42453773
2026-06-12 02:17:30,194 [INFO]   ↳ sleeping 16.5s
2026-06-12 02:17:46,656 [INFO] [75/510] candidate_id=9505 — Ravi Shankar Prasad
2026-06-12 02:17:48,169 [INFO]   ✓ RAVI SHANKAR PRASAD | BJP | cases=0 | assets=₹406098345
2026-06-12 02:17:48,169 [INFO]   ↳ sleeping 14.7s
2026-06-12 02:23:49,344 [INFO] [76/510] candidate_id=9528 — Misha Bharti
2026-06-12 02:23:50,879 [INFO]   ✓ MISHA BHARTI | RJD | cases=6 | assets=₹102619562
2026-06-12 02:23:50,879 [INFO]   ↳ sleeping 14.9s
2026-06-12 02:24:05,812 [INFO] [77/510] candidate_id=9539 — Sudama Prasad
2026-06-12 02:24:07,432 [INFO]   ✓ SUDAMA PRASAD | CPI(ML)(L) | cases=3 | assets=₹9098946
2026-06-12 02:24:07,432 [INFO]   ↳ sleeping 11.7s
2026-06-12 02:24:19,167 [INFO] [78/510] candidate_id=9560 — Sudhakar Singh
2026-06-12 02:24:20,798 [INFO]   ✓ SUDHAKAR SINGH | RJD | cases=3 | assets=₹67851400
2026-06-12 02:24:20,798 [INFO]   ↳ sleeping 12.2s
2026-06-12 02:40:09,014 [INFO] [79/510] candidate_id=9567 — Manoj Kumar
2026-06-12 02:40:10,969 [INFO]   ✓ MANOJ KUMAR | INC | cases=1 | assets=₹32491416
2026-06-12 02:40:10,969 [INFO]   ↳ sleeping 15.8s
2026-06-12 02:40:26,775 [INFO] [80/510] candidate_id=9587 — Raja Ram Singh
2026-06-12 02:40:28,415 [INFO]   ✓ RAJA RAM SINGH | CPI(ML)(L) | cases=3 | assets=₹25919942
2026-06-12 02:40:28,415 [INFO]   ↳ sleeping 13.2s
2026-06-12 02:40:41,606 [INFO] [81/510] candidate_id=9601 — Surendra Prasad Yadav
2026-06-12 02:40:43,112 [INFO]   ✓ SURENDRA PRASAD YADAV | RJD | cases=7 | assets=₹138754448
2026-06-12 02:40:43,113 [INFO]   ↳ sleeping 13.9s
2026-06-12 02:56:25,418 [INFO] [82/510] candidate_id=8819 — Manish Tewari
2026-06-12 02:56:27,189 [INFO]   ✓ MANISH TEWARI | INC | cases=0 | assets=₹296842688
2026-06-12 02:56:27,189 [INFO]   ↳ sleeping 15.9s
2026-06-12 02:56:43,140 [INFO] [83/510] candidate_id=268 — Mahesh Kashyap
2026-06-12 02:56:45,619 [INFO]   ✓ MAHESH KASHYAP | BJP | cases=0 | assets=₹3967309
2026-06-12 02:56:45,619 [INFO]   ↳ sleeping 17.5s
2026-06-12 02:57:03,180 [INFO] [84/510] candidate_id=1936 — Santosh Pandey
2026-06-12 02:57:04,815 [INFO]   ✓ SANTOSH PANDEY | BJP | cases=1 | assets=₹42916375
2026-06-12 02:57:04,815 [INFO]   ↳ sleeping 16.2s
2026-06-12 03:12:50,018 [INFO] [85/510] candidate_id=2129 — Roop Kumari Choudhary
2026-06-12 03:12:51,508 [INFO]   ✓ ROOP KUMARI CHOUDHARY | BJP | cases=0 | assets=₹53908562
2026-06-12 03:12:51,508 [INFO]   ↳ sleeping 16.8s
2026-06-12 03:13:08,357 [INFO] [86/510] candidate_id=1932 — Bhojraj Nag
2026-06-12 03:13:10,004 [INFO]   ✓ BHOJRAJ NAG | BJP | cases=0 | assets=₹12394941
2026-06-12 03:13:10,004 [INFO]   ↳ sleeping 11.3s
2026-06-12 03:13:21,349 [INFO] [87/510] candidate_id=3450 — Chintamani Maharaj
2026-06-12 03:13:22,804 [INFO]   ✓ CHINTAMANI MAHARAJ | BJP | cases=0 | assets=₹41298468
2026-06-12 03:13:22,804 [INFO]   ↳ sleeping 13.0s
2026-06-12 03:13:35,809 [INFO] [88/510] candidate_id=3425 — Radheshyam Rathiya
2026-06-12 03:13:37,453 [INFO]   ✓ RADHESHYAM RATHIYA | BJP | cases=0 | assets=₹10650781
2026-06-12 03:13:37,453 [INFO]   ↳ sleeping 14.8s
2026-06-12 03:13:52,313 [INFO] [89/510] candidate_id=3677 — Kamlesh Jangde
2026-06-12 03:13:53,911 [INFO]   ✓ KAMLESH JANGDE | BJP | cases=0 | assets=₹15462143
2026-06-12 03:13:53,911 [INFO]   ↳ sleeping 13.9s
2026-06-12 03:14:07,851 [INFO] [90/510] candidate_id=3647 — Jyotsna Charandas Mahant
2026-06-12 03:14:10,397 [INFO]   ✓ JYOTSNA CHARANDAS MAHANT | INC | cases=0 | assets=₹179626733
2026-06-12 03:14:10,397 [INFO]   ↳ sleeping 15.3s
2026-06-12 03:14:25,719 [INFO] [91/510] candidate_id=3590 — Tokhan Sahu
2026-06-12 03:14:27,220 [INFO]   ✓ TOKHAN SAHU | BJP | cases=0 | assets=₹13190513
2026-06-12 03:14:27,220 [INFO]   ↳ sleeping 10.8s
2026-06-12 03:14:37,987 [INFO] [92/510] candidate_id=3442 — Vijay Baghel
2026-06-12 03:14:39,595 [INFO]   ✓ VIJAY BAGHEL | BJP | cases=0 | assets=₹37162950
2026-06-12 03:14:39,595 [INFO]   ↳ sleeping 15.7s
2026-06-12 03:14:55,347 [INFO] [93/510] candidate_id=3427 — Brijmohan Agrawal
2026-06-12 03:14:57,023 [INFO]   ✓ BRIJMOHAN AGRAWAL | BJP | cases=0 | assets=₹180219000
2026-06-12 03:14:57,023 [INFO]   ↳ sleeping 16.5s
2026-06-12 03:15:13,569 [INFO] [94/510] candidate_id=3667 — Patel Umeshbhai Babubhai
2026-06-12 03:15:14,992 [INFO]   ✓ PATEL UMESHBHAI BABUBHAI | IND | cases=14 | assets=₹4752198
2026-06-12 03:15:14,993 [INFO]   ↳ sleeping 19.9s
2026-06-12 03:15:34,941 [INFO] [95/510] candidate_id=3666 — Delkar Kalaben Mohanbhai
2026-06-12 03:15:36,535 [INFO]   ✓ DELKAR KALABEN MOHANBHAI | BJP | cases=0 | assets=₹714454357
2026-06-12 03:15:36,535 [INFO]   ↳ sleeping 19.5s
2026-06-12 03:15:56,023 [INFO] [96/510] candidate_id=7896 — Praveen Khandelwal
2026-06-12 03:15:57,645 [INFO]   ✓ PRAVEEN KHANDELWAL | BJP | cases=0 | assets=₹117039798
2026-06-12 03:15:57,645 [INFO]   ↳ sleeping 15.1s
2026-06-12 03:16:12,786 [INFO] [97/510] candidate_id=7903 — Manoj Tiwari
2026-06-12 03:16:14,420 [INFO]   ✓ MANOJ TIWARI | BJP | cases=2 | assets=₹328162601
2026-06-12 03:16:14,420 [INFO]   ↳ sleeping 19.1s
2026-06-12 03:16:33,484 [INFO] [98/510] candidate_id=7899 — Harsh Malhotra
2026-06-12 03:16:35,121 [INFO]   ✓ HARSH MALHOTRA | BJP | cases=0 | assets=₹40824015
2026-06-12 03:16:35,121 [INFO]   ↳ sleeping 13.1s
2026-06-12 03:16:48,209 [INFO] [99/510] candidate_id=7901 — Bansuri Swaraj
2026-06-12 03:16:49,867 [INFO]   ✓ BANSURI SWARAJ | BJP | cases=0 | assets=₹192946528
2026-06-12 03:16:49,867 [INFO]   ↳ sleeping 12.2s
2026-06-12 03:17:02,051 [INFO] [100/510] candidate_id=7905 — Yogender Chandoliya
2026-06-12 03:17:02,987 [INFO]   ✓ YOGENDER CHANDOLIYA | BJP | cases=2 | assets=₹27623483
2026-06-12 03:17:02,987 [INFO]   ↳ sleeping 16.1s
2026-06-12 03:17:19,104 [INFO] [101/510] candidate_id=7909 — Kamaljeet Sehrawat
2026-06-12 03:17:20,638 [INFO]   ✓ KAMALJEET SEHRAWAT | BJP | cases=0 | assets=₹147436650
2026-06-12 03:17:20,638 [INFO]   ↳ sleeping 15.2s
2026-06-12 03:17:35,812 [INFO] [102/510] candidate_id=7907 — Ramvir Singh Bidhuri
2026-06-12 03:17:37,341 [INFO]   ✓ RAMVIR SINGH BIDHURI | BJP | cases=1 | assets=₹526419941
2026-06-12 03:17:37,341 [INFO]   ↳ sleeping 11.7s
2026-06-12 03:17:49,001 [INFO] [103/510] candidate_id=3668 — Shripad Yesso Naik
2026-06-12 03:17:51,035 [INFO]   ✓ SHRIPAD YESSO NAIK | BJP | cases=0 | assets=₹108683533
2026-06-12 03:17:51,035 [INFO]   ↳ sleeping 19.7s
2026-06-12 03:18:10,763 [INFO] [104/510] candidate_id=3876 — Captain Viriato Fernandes
2026-06-12 03:18:12,344 [INFO]   ✓ CAPTAIN VIRIATO FERNANDES | INC | cases=1 | assets=₹52728999
2026-06-12 03:18:12,344 [INFO]   ↳ sleeping 19.3s
2026-06-12 03:18:31,611 [INFO] [105/510] candidate_id=3769 — Chavda Vinod Lakhamshi
2026-06-12 03:18:33,195 [INFO]   ✓ CHAVDA VINOD LAKHAMSHI | BJP | cases=0 | assets=₹70980147
2026-06-12 03:18:33,195 [INFO]   ↳ sleeping 18.2s
2026-06-12 03:18:51,441 [INFO] [106/510] candidate_id=3453 — Geniben Nagaji Thakor
2026-06-12 03:18:53,000 [INFO]   ✓ GENIBEN NAGAJI THAKOR | INC | cases=1 | assets=₹8533965
2026-06-12 03:18:53,000 [INFO]   ↳ sleeping 15.5s
2026-06-12 03:19:08,460 [INFO] [107/510] candidate_id=3603 — Dabhi Bharatsinhji Shankarji
2026-06-12 03:19:10,055 [INFO]   ✓ DABHI BHARATSINHJI SHANKARJI | BJP | cases=0 | assets=₹68430049
2026-06-12 03:19:10,055 [INFO]   ↳ sleeping 18.3s
2026-06-12 03:19:28,405 [INFO] [108/510] candidate_id=3774 — Haribhai Patel
2026-06-12 03:19:29,960 [INFO]   ✓ HARIBHAI PATEL | BJP | cases=0 | assets=₹39863356
2026-06-12 03:19:29,960 [INFO]   ↳ sleeping 12.6s
2026-06-12 03:19:42,572 [INFO] [109/510] candidate_id=3782 — Shobhanaben Mahendrasinh Baraiya
2026-06-12 03:19:44,139 [INFO]   ✓ SHOBHANABEN MAHENDRASINH BARAIYA | BJP | cases=0 | assets=₹31828842
2026-06-12 03:19:44,139 [INFO]   ↳ sleeping 14.7s
2026-06-12 03:19:58,820 [INFO] [110/510] candidate_id=4427 — Amit Shah
2026-06-12 03:20:00,773 [INFO]   ✓ AMIT SHAH | BJP | cases=3 | assets=₹656712498
2026-06-12 03:20:00,773 [INFO]   ↳ sleeping 16.9s
2026-06-12 03:20:17,672 [INFO] [111/510] candidate_id=3452 — Hasmukhbhai Patel (H.S.Patel)
2026-06-12 03:20:19,282 [INFO]   ✓ HASMUKHBHAI PATEL (H.S.PATEL) | BJP | cases=0 | assets=₹86470298
2026-06-12 03:20:19,282 [INFO]   ↳ sleeping 12.2s
2026-06-12 03:20:31,488 [INFO] [112/510] candidate_id=3735 — Dineshbhai Makwana (Advocate)
2026-06-12 03:20:33,111 [INFO]   ✓ DINESHBHAI MAKWANA (ADVOCATE) | BJP | cases=0 | assets=₹141769586
2026-06-12 03:20:33,111 [INFO]   ↳ sleeping 18.2s
2026-06-12 03:20:51,293 [INFO] [113/510] candidate_id=3501 — Chandubhai Chhaganbhai Shihora
2026-06-12 03:20:53,886 [INFO]   ✓ CHANDUBHAI CHHAGANBHAI SHIHORA | BJP | cases=0 | assets=₹5808789
2026-06-12 03:20:53,886 [INFO]   ↳ sleeping 14.0s
2026-06-12 03:21:07,858 [INFO] [114/510] candidate_id=3595 — Parshottambhai Rupala
2026-06-12 03:21:09,455 [INFO]   ✓ PARSHOTTAMBHAI RUPALA | BJP | cases=3 | assets=₹174316673
2026-06-12 03:21:09,455 [INFO]   ↳ sleeping 10.3s
2026-06-12 03:21:19,735 [INFO] [115/510] candidate_id=3459 — Dr. Mansukh Mandaviya
2026-06-12 03:21:21,183 [INFO]   ✓ DR. MANSUKH MANDAVIYA | BJP | cases=0 | assets=₹79504705
2026-06-12 03:21:21,183 [INFO]   ↳ sleeping 11.1s
2026-06-12 03:21:32,271 [INFO] [116/510] candidate_id=5028 — Poonamben Hematbhai Maadam
2026-06-12 03:21:33,832 [INFO]   ✓ POONAMBEN HEMATBHAI MAADAM | BJP | cases=0 | assets=₹1477002341
2026-06-12 03:21:33,832 [INFO]   ↳ sleeping 12.3s
2026-06-12 03:21:46,157 [INFO] [117/510] candidate_id=3766 — Chudasama Rajeshbhai Naranbhai
2026-06-12 03:21:47,074 [INFO]   ✓ CHUDASAMA RAJESHBHAI NARANBHAI | BJP | cases=1 | assets=₹33452812
2026-06-12 03:21:47,074 [INFO]   ↳ sleeping 15.8s
2026-06-12 03:22:02,837 [INFO] [118/510] candidate_id=4067 — Bharatbhai Manubhai Sutariya
2026-06-12 03:22:04,509 [INFO]   ✓ BHARATBHAI MANUBHAI SUTARIYA | BJP | cases=0 | assets=₹8378748
2026-06-12 03:22:04,509 [INFO]   ↳ sleeping 18.8s
2026-06-12 03:22:23,283 [INFO] [119/510] candidate_id=3743 — Nimuben Jayantibhai Bambhaniya (Nimuben Bambhaniya)
2026-06-12 03:22:24,784 [INFO]   ✓ NIMUBEN JAYANTIBHAI BAMBHANIYA (NIMUBEN BAMBHANIYA) | BJP | cases=0 | assets=₹26115193
2026-06-12 03:22:24,784 [INFO]   ↳ sleeping 19.2s
2026-06-12 03:22:44,000 [INFO] [120/510] candidate_id=3596 — Mitesh Patel (Bakabhai)
2026-06-12 03:22:45,611 [INFO]   ✓ MITESH PATEL (BAKABHAI) | BJP | cases=0 | assets=₹110448824
2026-06-12 03:22:45,611 [INFO]   ↳ sleeping 16.5s
2026-06-12 03:23:02,083 [INFO] [121/510] candidate_id=3772 — Devusinh Chauhan
2026-06-12 03:23:03,736 [INFO]   ✓ DEVUSINH CHAUHAN | BJP | cases=0 | assets=₹34976572
2026-06-12 03:23:03,736 [INFO]   ↳ sleeping 14.6s
2026-06-12 03:23:18,371 [INFO] [122/510] candidate_id=3430 — Rajpalsinh Mahendrasinh Jadav
2026-06-12 03:23:19,995 [INFO]   ✓ RAJPALSINH MAHENDRASINH JADAV | BJP | cases=0 | assets=₹22046500
2026-06-12 03:23:19,995 [INFO]   ↳ sleeping 14.7s
2026-06-12 03:23:34,733 [INFO] [123/510] candidate_id=3748 — Jaswantsinh Sumanbhai Bhabhor
2026-06-12 03:23:36,245 [INFO]   ✓ JASWANTSINH SUMANBHAI BHABHOR | BJP | cases=0 | assets=₹48404861
2026-06-12 03:23:36,245 [INFO]   ↳ sleeping 14.4s
2026-06-12 03:23:50,605 [INFO] [124/510] candidate_id=3606 — Dr. Hemang Joshi
2026-06-12 03:23:52,129 [INFO]   ✓ DR. HEMANG JOSHI | BJP | cases=0 | assets=₹10388939
2026-06-12 03:23:52,129 [INFO]   ↳ sleeping 11.9s
2026-06-12 03:24:04,088 [INFO] [125/510] candidate_id=3744 — Jashubhai Bhilubhai Rathva
2026-06-12 03:24:05,684 [INFO]   ✓ JASHUBHAI BHILUBHAI RATHVA | BJP | cases=1 | assets=₹16589045
2026-06-12 03:24:05,684 [INFO]   ↳ sleeping 16.3s
2026-06-12 03:24:21,990 [INFO] [126/510] candidate_id=3455 — Mansukhbhai Dhanjibhai Vasava
2026-06-12 03:24:23,607 [INFO]   ✓ MANSUKHBHAI DHANJIBHAI VASAVA | BJP | cases=0 | assets=₹25499808
2026-06-12 03:24:23,607 [INFO]   ↳ sleeping 10.4s
2026-06-12 03:24:33,972 [INFO] [127/510] candidate_id=3740 — Parbhubhai Nagarbhai Vasava
2026-06-12 03:24:34,976 [INFO]   ✓ PARBHUBHAI NAGARBHAI VASAVA | BJP | cases=0 | assets=₹47003506
2026-06-12 03:24:34,976 [INFO]   ↳ sleeping 17.5s
2026-06-12 03:24:52,504 [INFO] [128/510] candidate_id=3783 — Mukeshkumar Chandrakaant Dalal
2026-06-12 03:24:54,132 [INFO]   ✓ MUKESHKUMAR CHANDRAKAANT DALAL | BJP | cases=0 | assets=₹178013262
2026-06-12 03:24:54,132 [INFO]   ↳ sleeping 10.7s
2026-06-12 03:25:04,808 [INFO] [129/510] candidate_id=5139 — C R Patil
2026-06-12 03:25:06,878 [INFO]   ✓ C R PATIL | BJP | cases=0 | assets=₹394930044
2026-06-12 03:25:06,878 [INFO]   ↳ sleeping 12.9s
2026-06-12 03:25:19,769 [INFO] [130/510] candidate_id=3502 — Dhaval Laxmanbhai Patel
2026-06-12 03:25:21,771 [INFO]   ✓ DHAVAL LAXMANBHAI PATEL | BJP | cases=0 | assets=₹67850853
2026-06-12 03:25:21,771 [INFO]   ↳ sleeping 14.8s
2026-06-12 03:25:36,555 [INFO] [131/510] candidate_id=8414 — Varun Chaudhry
2026-06-12 03:25:38,123 [INFO]   ✓ VARUN CHAUDHRY | INC | cases=0 | assets=₹259468388
2026-06-12 03:25:38,123 [INFO]   ↳ sleeping 11.0s
2026-06-12 03:25:49,161 [INFO] [132/510] candidate_id=8542 — Naveen Jindal
2026-06-12 03:25:50,658 [INFO]   ✓ NAVEEN JINDAL | BJP | cases=9 | assets=₹12414768000
2026-06-12 03:25:50,658 [INFO]   ↳ sleeping 12.0s
2026-06-12 03:26:02,684 [INFO] [133/510] candidate_id=8546 — Selja
2026-06-12 03:26:04,248 [INFO]   ✓ SELJA | INC | cases=0 | assets=₹420655803
2026-06-12 03:26:04,248 [INFO]   ↳ sleeping 11.5s
2026-06-12 03:26:15,714 [INFO] [134/510] candidate_id=8547 — Jai Parkash (J P) S/O Harikesh
2026-06-12 03:26:17,271 [INFO]   ✓ JAI PARKASH (J P) S/O HARIKESH | INC | cases=0 | assets=₹68053567
2026-06-12 03:26:17,271 [INFO]   ↳ sleeping 11.3s
2026-06-12 03:26:28,569 [INFO] [135/510] candidate_id=8552 — Manohar Lal
2026-06-12 03:26:30,172 [INFO]   ✓ MANOHAR LAL | BJP | cases=0 | assets=₹25442914
2026-06-12 03:26:30,172 [INFO]   ↳ sleeping 17.5s
2026-06-12 03:26:47,719 [INFO] [136/510] candidate_id=8557 — Satpal Brahamchari
2026-06-12 03:26:49,339 [INFO]   ✓ SATPAL BRAHAMCHARI | INC | cases=0 | assets=₹16073608
2026-06-12 03:26:49,339 [INFO]   ↳ sleeping 18.7s
2026-06-12 03:27:08,064 [INFO] [137/510] candidate_id=8497 — Deepender Singh Hooda
2026-06-12 03:27:09,707 [INFO]   ✓ DEEPENDER SINGH HOODA | INC | cases=0 | assets=₹692558771
2026-06-12 03:27:09,707 [INFO]   ↳ sleeping 14.4s
2026-06-12 03:27:24,093 [INFO] [138/510] candidate_id=8558 — Dharambir Singh
2026-06-12 03:27:25,780 [INFO]   ✓ DHARAMBIR SINGH | BJP | cases=0 | assets=₹115664424
2026-06-12 03:27:25,780 [INFO]   ↳ sleeping 16.9s
2026-06-12 03:27:42,676 [INFO] [139/510] candidate_id=8448 — Rao Inderjit Singh
2026-06-12 03:27:44,313 [INFO]   ✓ RAO INDERJIT SINGH | BJP | cases=0 | assets=₹1215422868
2026-06-12 03:27:44,313 [INFO]   ↳ sleeping 15.0s
2026-06-12 03:27:59,319 [INFO] [140/510] candidate_id=8425 — Krishan Pal
2026-06-12 03:28:01,216 [INFO]   ✓ KRISHAN PAL | BJP | cases=0 | assets=₹625815843
2026-06-12 03:28:01,216 [INFO]   ↳ sleeping 12.7s
2026-06-12 03:28:13,952 [INFO] [141/510] candidate_id=8762 — Dr Rajeev Bhardwaj
2026-06-12 03:28:15,521 [INFO]   ✓ DR RAJEEV BHARDWAJ | BJP | cases=0 | assets=₹58723886
2026-06-12 03:28:15,521 [INFO]   ↳ sleeping 17.5s
2026-06-12 03:28:33,027 [INFO] [142/510] candidate_id=8764 — Kangna Ranaut
2026-06-12 03:28:34,491 [INFO]   ✓ KANGNA RANAUT | BJP | cases=8 | assets=₹916631239
2026-06-12 03:28:34,491 [INFO]   ↳ sleeping 14.0s
2026-06-12 03:28:48,518 [INFO] [143/510] candidate_id=8760 — Anurag Singh Thakur
2026-06-12 03:28:50,059 [INFO]   ✓ ANURAG SINGH THAKUR | BJP | cases=1 | assets=₹122663406
2026-06-12 03:28:50,060 [INFO]   ↳ sleeping 18.3s
2026-06-12 03:29:08,361 [INFO] [144/510] candidate_id=8766 — Suresh Kumar Kashyap
2026-06-12 03:29:09,919 [INFO]   ✓ SURESH KUMAR KASHYAP | BJP | cases=0 | assets=₹44442736
2026-06-12 03:29:09,919 [INFO]   ↳ sleeping 13.2s
2026-06-12 03:29:23,144 [INFO] [145/510] candidate_id=8 — Dr Jitendra Singh
2026-06-12 03:29:24,968 [INFO]   ✓ DR JITENDRA SINGH | BJP | cases=0 | assets=₹85905005
2026-06-12 03:29:24,969 [INFO]   ↳ sleeping 10.6s
2026-06-12 03:29:35,543 [INFO] [146/510] candidate_id=1712 — Jugal Kishore
2026-06-12 03:29:36,476 [INFO]   ✓ JUGAL KISHORE | BJP | cases=0 | assets=₹76378942
2026-06-12 03:29:36,476 [INFO]   ↳ sleeping 14.3s
2026-06-12 03:29:50,765 [INFO] [147/510] candidate_id=4199 — Mian Altaf Ahmad
2026-06-12 03:29:52,413 [INFO]   ✓ MIAN ALTAF AHMAD | Jammu & Kashmir National Conference | cases=0 | assets=₹209330000
2026-06-12 03:29:52,413 [INFO]   ↳ sleeping 12.3s
2026-06-12 03:30:04,772 [INFO] [148/510] candidate_id=6318 — Aga Syed Ruhullah Mehdi
2026-06-12 03:30:06,340 [INFO]   ✓ AGA SYED RUHULLAH MEHDI | Jammu & Kashmir National Conference | cases=0 | assets=₹35793000
2026-06-12 03:30:06,340 [INFO]   ↳ sleeping 15.2s
2026-06-12 03:30:21,563 [INFO] [149/510] candidate_id=7591 — Abdul Rashid Sheikh
2026-06-12 03:30:23,076 [INFO]   ✓ ABDUL RASHID SHEIKH | IND | cases=3 | assets=₹15637424
2026-06-12 03:30:23,076 [INFO]   ↳ sleeping 10.8s
2026-06-12 03:30:33,926 [INFO] [150/510] candidate_id=5157 — Joba Majhi
2026-06-12 03:30:35,527 [INFO]   ✓ JOBA MAJHI | JMM | cases=0 | assets=₹22860659
2026-06-12 03:30:35,527 [INFO]   ↳ sleeping 15.9s
2026-06-12 03:30:51,464 [INFO] [151/510] candidate_id=5153 — Kali Charan Munda
2026-06-12 03:30:53,042 [INFO]   ✓ KALI CHARAN MUNDA | INC | cases=0 | assets=₹5407803
2026-06-12 03:30:53,042 [INFO]   ↳ sleeping 13.0s
2026-06-12 03:31:06,027 [INFO] [152/510] candidate_id=6277 — Sukhdeo Bhagat
2026-06-12 03:31:08,267 [INFO]   ✓ SUKHDEO BHAGAT | INC | cases=1 | assets=₹24688449
2026-06-12 03:31:08,267 [INFO]   ↳ sleeping 10.4s
2026-06-12 03:31:18,723 [INFO] [153/510] candidate_id=6264 — Vishnu Dayal Ram
2026-06-12 03:31:19,709 [INFO]   ✓ VISHNU DAYAL RAM | BJP | cases=0 | assets=₹39081116
2026-06-12 03:31:19,709 [INFO]   ↳ sleeping 18.5s
2026-06-12 03:31:38,180 [INFO] [154/510] candidate_id=7142 — Kali Charan Singh
2026-06-12 03:31:42,286 [INFO]   ✓ KALI CHARAN SINGH | BJP | cases=2 | assets=₹86201641
2026-06-12 03:31:42,286 [INFO]   ↳ sleeping 16.6s
2026-06-12 03:31:58,920 [INFO] [155/510] candidate_id=7285 — Annpurna Devi
2026-06-12 03:32:00,729 [INFO]   ✓ ANNPURNA DEVI | BJP | cases=2 | assets=₹128282857
2026-06-12 03:32:00,729 [INFO]   ↳ sleeping 11.3s
2026-06-12 03:32:12,085 [INFO] [156/510] candidate_id=7144 — Manish Jaiswal
2026-06-12 03:32:13,956 [INFO]   ✓ MANISH JAISWAL | BJP | cases=2 | assets=₹362999932
2026-06-12 03:32:13,956 [INFO]   ↳ sleeping 14.9s
2026-06-12 03:32:28,867 [INFO] [157/510] candidate_id=8523 — Chandra Prakash Choudhary
2026-06-12 03:32:30,532 [INFO]   ✓ CHANDRA PRAKASH CHOUDHARY | AJSU Party | cases=2 | assets=₹49849182
2026-06-12 03:32:30,532 [INFO]   ↳ sleeping 13.1s
2026-06-12 03:32:43,678 [INFO] [158/510] candidate_id=8469 — Dulu Mahato
2026-06-12 03:32:44,640 [INFO]   ✓ DULU MAHATO | BJP | cases=22 | assets=₹70120183
2026-06-12 03:32:44,640 [INFO]   ↳ sleeping 10.1s
2026-06-12 03:32:54,759 [INFO] [159/510] candidate_id=8561 — Sanjay Seth
2026-06-12 03:32:56,435 [INFO]   ✓ SANJAY SETH | BJP | cases=2 | assets=₹24152085
2026-06-12 03:32:56,435 [INFO]   ↳ sleeping 10.4s
2026-06-12 03:33:06,845 [INFO] [160/510] candidate_id=8563 — Bidyut Baran Mahato
2026-06-12 03:33:07,750 [INFO]   ✓ BIDYUT BARAN MAHATO | BJP | cases=1 | assets=₹38345063
2026-06-12 03:33:07,750 [INFO]   ↳ sleeping 16.7s
2026-06-12 03:33:24,485 [INFO] [161/510] candidate_id=9340 — Vijay Kumar Hansdak
2026-06-12 03:33:26,612 [INFO]   ✓ VIJAY KUMAR HANSDAK | JMM | cases=0 | assets=₹62011168
2026-06-12 03:33:26,612 [INFO]   ↳ sleeping 18.8s
2026-06-12 03:33:45,456 [INFO] [162/510] candidate_id=9321 — Nalin Soren
2026-06-12 03:33:47,063 [INFO]   ✓ NALIN SOREN | JMM | cases=2 | assets=₹36701249
2026-06-12 03:33:47,063 [INFO]   ↳ sleeping 17.3s
2026-06-12 03:34:04,404 [INFO] [163/510] candidate_id=8770 — Nishikant Dubey
2026-06-12 03:34:06,416 [INFO]   ✓ NISHIKANT DUBEY | BJP | cases=8 | assets=₹746974208
2026-06-12 03:34:06,416 [INFO]   ↳ sleeping 17.4s
2026-06-12 03:34:23,859 [INFO] [164/510] candidate_id=2323 — Kota Srinivas Poojary
2026-06-12 03:34:29,184 [INFO]   ✓ KOTA SRINIVAS POOJARY | BJP | cases=0 | assets=₹29470510
2026-06-12 03:34:29,184 [INFO]   ↳ sleeping 10.3s
2026-06-12 03:34:39,459 [INFO] [165/510] candidate_id=1890 — Shreyas. M. Patel
2026-06-12 03:34:41,657 [INFO]   ✓ SHREYAS. M. PATEL | INC | cases=1 | assets=₹426710045
2026-06-12 03:34:41,657 [INFO]   ↳ sleeping 16.3s
2026-06-12 03:34:57,985 [INFO] [166/510] candidate_id=1889 — Captain Brijesh Chowta
2026-06-12 03:35:03,107 [INFO]   ✓ CAPTAIN BRIJESH CHOWTA | BJP | cases=1 | assets=₹7056365
2026-06-12 03:35:03,107 [INFO]   ↳ sleeping 12.6s
2026-06-12 03:35:15,760 [INFO] [167/510] candidate_id=1886 — Govind Makthappa Karjol
2026-06-12 03:35:18,507 [INFO]   ✓ GOVIND MAKTHAPPA KARJOL | BJP | cases=0 | assets=₹43243598
2026-06-12 03:35:18,507 [INFO]   ↳ sleeping 19.4s
2026-06-12 03:35:37,882 [INFO] [168/510] candidate_id=1904 — V. Somanna
2026-06-12 03:35:42,174 [INFO]   ✓ V. SOMANNA | BJP | cases=1 | assets=₹607805215
2026-06-12 03:35:42,174 [INFO]   ↳ sleeping 16.4s
2026-06-12 03:35:58,552 [INFO] [169/510] candidate_id=2651 — H.D. Kumaraswamy
2026-06-12 03:36:00,657 [INFO]   ✓ H.D. KUMARASWAMY | Janata Dal (Secular) | cases=3 | assets=₹2172328789
2026-06-12 03:36:00,658 [INFO]   ↳ sleeping 16.5s
2026-06-12 03:36:17,188 [INFO] [170/510] candidate_id=1900 — Yaduveer Krishnadatta Chamaraja Wadiyar
2026-06-12 03:36:18,686 [INFO]   ✓ YADUVEER KRISHNADATTA CHAMARAJA WADIYAR | BJP | cases=0 | assets=₹94688187
2026-06-12 03:36:18,686 [INFO]   ↳ sleeping 19.1s
2026-06-12 03:36:37,824 [INFO] [171/510] candidate_id=2193 — Sunil Bose
2026-06-12 03:36:39,467 [INFO]   ✓ SUNIL BOSE | INC | cases=1 | assets=₹78466251
2026-06-12 03:36:39,467 [INFO]   ↳ sleeping 13.1s
2026-06-12 03:36:52,616 [INFO] [172/510] candidate_id=2597 — Dr C N Manjunath
2026-06-12 03:36:55,856 [INFO]   ✓ DR C N MANJUNATH | BJP | cases=0 | assets=₹983883816
2026-06-12 03:36:55,856 [INFO]   ↳ sleeping 18.3s
2026-06-12 03:37:14,134 [INFO] [173/510] candidate_id=2178 — Shobha Karandlaje
2026-06-12 03:37:16,023 [INFO]   ✓ SHOBHA KARANDLAJE | BJP | cases=5 | assets=₹138866909
2026-06-12 03:37:16,023 [INFO]   ↳ sleeping 11.4s
2026-06-12 03:37:27,468 [INFO] [174/510] candidate_id=1866 — P C Mohan
2026-06-12 03:37:37,218 [INFO]   ✓ P C MOHAN | BJP | cases=2 | assets=₹813065207
2026-06-12 03:37:37,218 [INFO]   ↳ sleeping 15.7s
2026-06-12 03:37:52,953 [INFO] [175/510] candidate_id=2629 — Tejasvi Surya
2026-06-12 03:37:54,421 [INFO]   ✓ TEJASVI SURYA | BJP | cases=3 | assets=₹41030489
2026-06-12 03:37:54,421 [INFO]   ↳ sleeping 19.0s
2026-06-12 03:38:13,437 [INFO] [176/510] candidate_id=1881 — Dr.K.Sudhakar
2026-06-12 03:38:16,004 [INFO]   ✓ DR.K.SUDHAKAR | BJP | cases=1 | assets=₹334163156
2026-06-12 03:38:16,005 [INFO]   ↳ sleeping 12.1s
2026-06-12 03:38:28,090 [INFO] [177/510] candidate_id=1894 — M. Mallesh Babu
2026-06-12 03:38:29,647 [INFO]   ✓ M. MALLESH BABU | Janata Dal (Secular) | cases=1 | assets=₹238631536
2026-06-12 03:38:29,647 [INFO]   ↳ sleeping 15.3s
2026-06-12 03:38:44,929 [INFO] [178/510] candidate_id=4024 — Priyanka Satish Jarkiholi
2026-06-12 03:38:46,546 [INFO]   ✓ PRIYANKA SATISH JARKIHOLI | INC | cases=0 | assets=₹91157625
2026-06-12 03:38:46,546 [INFO]   ↳ sleeping 13.9s
2026-06-12 03:39:00,479 [INFO] [179/510] candidate_id=3421 — Jagadish Shettar
2026-06-12 03:39:02,114 [INFO]   ✓ JAGADISH SHETTAR | BJP | cases=0 | assets=₹133815982
2026-06-12 03:39:02,114 [INFO]   ↳ sleeping 18.2s
2026-06-12 03:39:20,363 [INFO] [180/510] candidate_id=3930 — Gaddigoudar Parvatgouda Chandangouda
2026-06-12 03:39:21,960 [INFO]   ✓ GADDIGOUDAR PARVATGOUDA CHANDANGOUDA | BJP | cases=0 | assets=₹75855750
2026-06-12 03:39:21,960 [INFO]   ↳ sleeping 10.8s
2026-06-12 03:39:32,782 [INFO] [181/510] candidate_id=3797 — Ramesh Jigajinagi
2026-06-12 03:39:34,272 [INFO]   ✓ RAMESH JIGAJINAGI | BJP | cases=0 | assets=₹516315994
2026-06-12 03:39:34,272 [INFO]   ↳ sleeping 16.8s
2026-06-12 03:39:51,066 [INFO] [182/510] candidate_id=3398 — Radhakrishna
2026-06-12 03:39:52,670 [INFO]   ✓ RADHAKRISHNA | INC | cases=1 | assets=₹533899960
2026-06-12 03:39:52,670 [INFO]   ↳ sleeping 13.1s
2026-06-12 03:40:05,756 [INFO] [183/510] candidate_id=3585 — G. Kumar Naik
2026-06-12 03:40:07,341 [INFO]   ✓ G. KUMAR NAIK | INC | cases=0 | assets=₹334128505
2026-06-12 03:40:07,341 [INFO]   ↳ sleeping 17.1s
2026-06-12 03:40:24,500 [INFO] [184/510] candidate_id=3793 — Sagar Eshwar Khandre
2026-06-12 03:40:26,056 [INFO]   ✓ SAGAR ESHWAR KHANDRE | INC | cases=0 | assets=₹134373930
2026-06-12 03:40:26,056 [INFO]   ↳ sleeping 18.1s
2026-06-12 03:40:44,214 [INFO] [185/510] candidate_id=3400 — K. Rajashekar Basavaraj Hitnal
2026-06-12 03:40:45,790 [INFO]   ✓ K. RAJASHEKAR BASAVARAJ HITNAL | INC | cases=3 | assets=₹290429579
2026-06-12 03:40:45,790 [INFO]   ↳ sleeping 19.4s
2026-06-12 03:41:05,178 [INFO] [186/510] candidate_id=3386 — E. Tukaram
2026-06-12 03:41:06,829 [INFO]   ✓ E. TUKARAM | INC | cases=0 | assets=₹35267209
2026-06-12 03:41:06,829 [INFO]   ↳ sleeping 18.2s
2026-06-12 03:41:25,065 [INFO] [187/510] candidate_id=3579 — Basavaraj Bommai
2026-06-12 03:41:26,607 [INFO]   ✓ BASAVARAJ BOMMAI | BJP | cases=0 | assets=₹539504552
2026-06-12 03:41:26,607 [INFO]   ↳ sleeping 14.9s
2026-06-12 03:41:41,481 [INFO] [188/510] candidate_id=3567 — Pralhad Joshi
2026-06-12 03:41:43,074 [INFO]   ✓ PRALHAD JOSHI | BJP | cases=0 | assets=₹210960953
2026-06-12 03:41:43,074 [INFO]   ↳ sleeping 13.2s
2026-06-12 03:41:56,278 [INFO] [189/510] candidate_id=3407 — Hegde Vishweshwar
2026-06-12 03:41:57,833 [INFO]   ✓ HEGDE VISHWESHWAR | BJP | cases=0 | assets=₹167409004
2026-06-12 03:41:57,833 [INFO]   ↳ sleeping 14.9s
2026-06-12 03:42:12,724 [INFO] [190/510] candidate_id=3393 — Dr. Prabha Mallikarjun
2026-06-12 03:42:14,315 [INFO]   ✓ DR. PRABHA MALLIKARJUN | INC | cases=0 | assets=₹2412803910
2026-06-12 03:42:14,315 [INFO]   ↳ sleeping 18.5s
2026-06-12 03:42:32,799 [INFO] [191/510] candidate_id=4005 — B.Y.Raghavendra
2026-06-12 03:42:34,396 [INFO]   ✓ B.Y.RAGHAVENDRA | BJP | cases=1 | assets=₹737145310
2026-06-12 03:42:34,396 [INFO]   ↳ sleeping 14.5s
2026-06-12 03:42:48,881 [INFO] [192/510] candidate_id=2287 — Rajmohan Unnithan
2026-06-12 03:42:50,434 [INFO]   ✓ RAJMOHAN UNNITHAN | INC | cases=6 | assets=₹32432135
2026-06-12 03:42:50,434 [INFO]   ↳ sleeping 11.3s
2026-06-12 03:43:01,766 [INFO] [193/510] candidate_id=2279 — K. Sudhakaran
2026-06-12 03:43:02,764 [INFO]   ✓ K. SUDHAKARAN | INC | cases=14 | assets=₹62979919
2026-06-12 03:43:02,764 [INFO]   ↳ sleeping 11.6s
2026-06-12 03:43:14,360 [INFO] [194/510] candidate_id=3121 — Shafi Parambil
2026-06-12 03:43:15,946 [INFO]   ✓ SHAFI PARAMBIL | INC | cases=47 | assets=₹9934524
2026-06-12 03:43:15,946 [INFO]   ↳ sleeping 10.3s
2026-06-12 03:43:26,293 [INFO] [195/510] candidate_id=2195 — Rahul Gandhi
2026-06-12 03:43:27,709 [INFO]   ✓ RAHUL GANDHI | INC | cases=18 | assets=₹203961862
2026-06-12 03:43:27,709 [INFO]   ↳ sleeping 17.4s
2026-06-12 03:43:45,093 [INFO] [196/510] candidate_id=1855 — M. K. Raghavan
2026-06-12 03:43:46,685 [INFO]   ✓ M. K. RAGHAVAN | INC | cases=4 | assets=₹24936775
2026-06-12 03:43:46,685 [INFO]   ↳ sleeping 19.3s
2026-06-12 03:44:05,994 [INFO] [197/510] candidate_id=2303 — E.T. Mohammed Basheer
2026-06-12 03:44:07,571 [INFO]   ✓ E.T. MOHAMMED BASHEER | Indian Union Muslim League | cases=1 | assets=₹20252293
2026-06-12 03:44:07,571 [INFO]   ↳ sleeping 16.2s
2026-06-12 03:44:23,814 [INFO] [198/510] candidate_id=2310 — Dr. M.P Abdussamad Samadani
2026-06-12 03:44:25,375 [INFO]   ✓ DR. M.P ABDUSSAMAD SAMADANI | Indian Union Muslim League | cases=1 | assets=₹21977344
2026-06-12 03:44:25,375 [INFO]   ↳ sleeping 19.4s
2026-06-12 03:44:44,767 [INFO] [199/510] candidate_id=2305 — V K Sreekandan
2026-06-12 03:44:46,578 [INFO]   ✓ V K SREEKANDAN | INC | cases=5 | assets=₹12421358
2026-06-12 03:44:46,578 [INFO]   ↳ sleeping 19.7s
2026-06-12 03:45:06,286 [INFO] [200/510] candidate_id=2268 — K.Radhakrishnan
2026-06-12 03:45:07,865 [INFO]   ✓ K.RADHAKRISHNAN | CPI(M) | cases=0 | assets=₹4014637
2026-06-12 03:45:07,865 [INFO]   ↳ sleeping 14.3s
2026-06-12 03:45:22,195 [INFO] [201/510] candidate_id=2125 — Suresh Gopi
2026-06-12 03:45:23,766 [INFO]   ✓ SURESH GOPI | BJP | cases=4 | assets=₹185815323
2026-06-12 03:45:23,766 [INFO]   ↳ sleeping 12.3s
2026-06-12 03:45:36,057 [INFO] [202/510] candidate_id=2272 — Benny Behanan
2026-06-12 03:45:37,890 [INFO]   ✓ BENNY BEHANAN | INC | cases=5 | assets=₹35020209
2026-06-12 03:45:37,890 [INFO]   ↳ sleeping 16.3s
2026-06-12 03:45:54,170 [INFO] [203/510] candidate_id=3093 — Hibi Eden
2026-06-12 03:45:55,712 [INFO]   ✓ HIBI EDEN | INC | cases=10 | assets=₹34000696
2026-06-12 03:45:55,712 [INFO]   ↳ sleeping 19.7s
2026-06-12 03:46:15,411 [INFO] [204/510] candidate_id=2275 — Adv. Dean Kuriakose
2026-06-12 03:46:17,019 [INFO]   ✓ ADV. DEAN KURIAKOSE | INC | cases=88 | assets=₹20797763
2026-06-12 03:46:17,019 [INFO]   ↳ sleeping 10.1s
2026-06-12 03:46:27,081 [INFO] [205/510] candidate_id=3137 — Adv K Francis George
2026-06-12 03:46:28,036 [INFO]   ✓ ADV K FRANCIS GEORGE | Kerala Congress | cases=5 | assets=₹95196318
2026-06-12 03:46:28,036 [INFO]   ↳ sleeping 16.8s
2026-06-12 03:46:44,882 [INFO] [206/510] candidate_id=3079 — K. C Venugopal
2026-06-12 03:46:46,504 [INFO]   ✓ K. C VENUGOPAL | INC | cases=1 | assets=₹36342460
2026-06-12 03:46:46,504 [INFO]   ↳ sleeping 14.0s
2026-06-12 03:47:00,486 [INFO] [207/510] candidate_id=3127 — Kodikunnil Suresh
2026-06-12 03:47:02,035 [INFO]   ✓ KODIKUNNIL SURESH | INC | cases=6 | assets=₹15312324
2026-06-12 03:47:02,035 [INFO]   ↳ sleeping 11.8s
2026-06-12 03:47:13,828 [INFO] [208/510] candidate_id=2309 — Anto Antony
2026-06-12 03:47:14,781 [INFO]   ✓ ANTO ANTONY | INC | cases=5 | assets=₹12471856
2026-06-12 03:47:14,781 [INFO]   ↳ sleeping 13.8s
2026-06-12 03:47:28,630 [INFO] [209/510] candidate_id=3132 — N K Premachandran
2026-06-12 03:47:30,227 [INFO]   ✓ N K PREMACHANDRAN | Revolutionary Socialist Party | cases=5 | assets=₹31194899
2026-06-12 03:47:30,227 [INFO]   ↳ sleeping 19.7s
2026-06-12 03:47:49,954 [INFO] [210/510] candidate_id=3084 — Adv Adoor Prakash
2026-06-12 03:47:51,715 [INFO]   ✓ ADV ADOOR PRAKASH | INC | cases=13 | assets=₹180933863
2026-06-12 03:47:51,715 [INFO]   ↳ sleeping 16.4s
2026-06-12 03:48:08,149 [INFO] [211/510] candidate_id=2313 — Shashi Tharoor
2026-06-12 03:48:09,726 [INFO]   ✓ SHASHI THAROOR | INC | cases=12 | assets=₹560656126
2026-06-12 03:48:09,726 [INFO]   ↳ sleeping 14.6s
2026-06-12 03:48:24,361 [INFO] [212/510] candidate_id=7512 — Mohmad Haneefa
2026-06-12 03:48:25,931 [INFO]   ✓ MOHMAD HANEEFA | IND | cases=0 | assets=₹32761570
2026-06-12 03:48:25,931 [INFO]   ↳ sleeping 17.9s
2026-06-12 03:48:43,868 [INFO] [213/510] candidate_id=764 — Muhammed Hamdullah Sayeed
2026-06-12 03:48:45,599 [INFO]   ✓ MUHAMMED HAMDULLAH SAYEED | INC | cases=0 | assets=₹148548173
2026-06-12 03:48:45,599 [INFO]   ↳ sleeping 10.0s
2026-06-12 03:48:55,650 [INFO] [214/510] candidate_id=1 — Dr. Rajesh Mishra
2026-06-12 03:48:56,675 [INFO]   ✓ DR. RAJESH MISHRA | BJP | cases=1 | assets=₹144008066
2026-06-12 03:48:56,675 [INFO]   ↳ sleeping 18.3s
2026-06-12 03:49:15,008 [INFO] [215/510] candidate_id=3 — Smt. Himadri Singh
2026-06-12 03:49:16,671 [INFO]   ✓ SMT. HIMADRI SINGH | BJP | cases=0 | assets=₹50180267
2026-06-12 03:49:16,671 [INFO]   ↳ sleeping 15.2s
2026-06-12 03:49:31,874 [INFO] [216/510] candidate_id=240 — Ashish Dubey
2026-06-12 03:49:33,430 [INFO]   ✓ ASHISH DUBEY | BJP | cases=0 | assets=₹351856860
2026-06-12 03:49:33,430 [INFO]   ↳ sleeping 17.9s
2026-06-12 03:49:51,343 [INFO] [217/510] candidate_id=7 — Faggan Singh Kulaste
2026-06-12 03:49:52,989 [INFO]   ✓ FAGGAN SINGH KULASTE | BJP | cases=0 | assets=₹53526381
2026-06-12 03:49:52,989 [INFO]   ↳ sleeping 14.6s
2026-06-12 03:50:07,633 [INFO] [218/510] candidate_id=45 — Bharti Pardhi
2026-06-12 03:50:09,225 [INFO]   ✓ BHARTI PARDHI | BJP | cases=0 | assets=₹59018167
2026-06-12 03:50:09,225 [INFO]   ↳ sleeping 16.5s
2026-06-12 03:50:25,779 [INFO] [219/510] candidate_id=587 — Bunty Vivek Sahu
2026-06-12 03:50:27,389 [INFO]   ✓ BUNTY VIVEK SAHU | BJP | cases=1 | assets=₹367731210
2026-06-12 03:50:27,389 [INFO]   ↳ sleeping 15.1s
2026-06-12 03:50:42,526 [INFO] [220/510] candidate_id=2473 — Dr. Virendra Kumar
2026-06-12 03:50:44,076 [INFO]   ✓ DR. VIRENDRA KUMAR | BJP | cases=0 | assets=₹28837006
2026-06-12 03:50:44,076 [INFO]   ↳ sleeping 18.3s
2026-06-12 03:51:02,422 [INFO] [221/510] candidate_id=1831 — Rahul Singh Lodhi
2026-06-12 03:51:04,042 [INFO]   ✓ RAHUL SINGH LODHI | BJP | cases=0 | assets=₹16355135
2026-06-12 03:51:04,042 [INFO]   ↳ sleeping 17.4s
2026-06-12 03:51:21,432 [INFO] [222/510] candidate_id=2455 — Vishnu Datt Sharma (V.D.Sharma)
2026-06-12 03:51:22,989 [INFO]   ✓ VISHNU DATT SHARMA (V.D.SHARMA) | BJP | cases=1 | assets=₹49262858
2026-06-12 03:51:22,989 [INFO]   ↳ sleeping 19.9s
2026-06-12 03:51:42,869 [INFO] [223/510] candidate_id=1836 — Ganesh Singh
2026-06-12 03:51:44,495 [INFO]   ✓ GANESH SINGH | BJP | cases=3 | assets=₹94681128
2026-06-12 03:51:44,495 [INFO]   ↳ sleeping 12.3s
2026-06-12 03:51:56,782 [INFO] [224/510] candidate_id=2094 — Janardan Mishra S/O Ramdhar Prasad Mishra
2026-06-12 03:51:58,414 [INFO]   ✓ JANARDAN MISHRA S/O Ramdhar Prasad Mishra | BJP | cases=0 | assets=₹50938896
2026-06-12 03:51:58,414 [INFO]   ↳ sleeping 17.5s
2026-06-12 03:52:15,926 [INFO] [225/510] candidate_id=1833 — Darshan Singh Choudhary
2026-06-12 03:52:17,488 [INFO]   ✓ DARSHAN SINGH CHOUDHARY | BJP | cases=0 | assets=₹9349061
2026-06-12 03:52:17,488 [INFO]   ↳ sleeping 11.7s
2026-06-12 03:52:29,225 [INFO] [226/510] candidate_id=1830 — Durgadas (D. D.) Uikey
2026-06-12 03:52:30,754 [INFO]   ✓ DURGADAS (D. D.) UIKEY | BJP | cases=0 | assets=₹18487232
2026-06-12 03:52:30,755 [INFO]   ↳ sleeping 14.7s
2026-06-12 03:52:45,460 [INFO] [227/510] candidate_id=3618 — Shivmangal Singh Tomar
2026-06-12 03:52:47,140 [INFO]   ✓ SHIVMANGAL SINGH TOMAR | BJP | cases=0 | assets=₹22614911
2026-06-12 03:52:47,140 [INFO]   ↳ sleeping 11.4s
2026-06-12 03:52:58,550 [INFO] [228/510] candidate_id=4175 — Sandhya Ray
2026-06-12 03:52:59,996 [INFO]   ✓ SANDHYA RAY | BJP | cases=0 | assets=₹96772861
2026-06-12 03:52:59,996 [INFO]   ↳ sleeping 15.1s
2026-06-12 03:53:15,154 [INFO] [229/510] candidate_id=3554 — Bharat Singh Kushwah
2026-06-12 03:53:16,754 [INFO]   ✓ BHARAT SINGH KUSHWAH | BJP | cases=0 | assets=₹28809530
2026-06-12 03:53:16,754 [INFO]   ↳ sleeping 19.9s
2026-06-12 03:53:36,635 [INFO] [230/510] candidate_id=3613 — Jyotiraditya M. Scindia
2026-06-12 03:53:38,257 [INFO]   ✓ JYOTIRADITYA M. SCINDIA | BJP | cases=0 | assets=₹4247494078
2026-06-12 03:53:38,257 [INFO]   ↳ sleeping 19.8s
2026-06-12 03:53:58,102 [INFO] [231/510] candidate_id=3547 — Dr. Lata Wankhede
2026-06-12 03:53:59,661 [INFO]   ✓ DR. LATA WANKHEDE | BJP | cases=0 | assets=₹173410882
2026-06-12 03:53:59,661 [INFO]   ↳ sleeping 16.4s
2026-06-12 03:54:16,088 [INFO] [232/510] candidate_id=4448 — Shivraj Singh Chouhan
2026-06-12 03:54:17,718 [INFO]   ✓ SHIVRAJ SINGH CHOUHAN | BJP | cases=1 | assets=₹89852874
2026-06-12 03:54:17,718 [INFO]   ↳ sleeping 12.7s
2026-06-12 03:54:30,464 [INFO] [233/510] candidate_id=3941 — Alok Sharma
2026-06-12 03:54:31,932 [INFO]   ✓ ALOK SHARMA | BJP | cases=4 | assets=₹88625237
2026-06-12 03:54:31,933 [INFO]   ↳ sleeping 16.6s
2026-06-12 03:54:48,549 [INFO] [234/510] candidate_id=3553 — Rodmal Nagar
2026-06-12 03:54:50,005 [INFO]   ✓ RODMAL NAGAR | BJP | cases=0 | assets=₹65483248
2026-06-12 03:54:50,005 [INFO]   ↳ sleeping 15.9s
2026-06-12 03:55:05,901 [INFO] [235/510] candidate_id=5160 — Mahendra Singh Solanky
2026-06-12 03:55:07,410 [INFO]   ✓ MAHENDRA SINGH SOLANKY | BJP | cases=2 | assets=₹3817399
2026-06-12 03:55:07,410 [INFO]   ↳ sleeping 12.8s
2026-06-12 03:55:20,200 [INFO] [236/510] candidate_id=5170 — Anil Firojiya
2026-06-12 03:55:21,667 [INFO]   ✓ ANIL FIROJIYA | BJP | cases=0 | assets=₹88159766
2026-06-12 03:55:21,667 [INFO]   ↳ sleeping 12.6s
2026-06-12 03:55:34,231 [INFO] [237/510] candidate_id=5064 — Sudheer Gupta
2026-06-12 03:55:35,720 [INFO]   ✓ SUDHEER GUPTA | BJP | cases=1 | assets=₹192884642
2026-06-12 03:55:35,720 [INFO]   ↳ sleeping 16.6s
2026-06-12 03:55:52,376 [INFO] [238/510] candidate_id=5066 — Anita Nagarsingh Chouhan
2026-06-12 03:55:53,940 [INFO]   ✓ ANITA NAGARSINGH CHOUHAN | BJP | cases=0 | assets=₹52459353
2026-06-12 03:55:53,940 [INFO]   ↳ sleeping 19.0s
2026-06-12 03:56:12,935 [INFO] [239/510] candidate_id=5162 — Savitri Thakur
2026-06-12 03:56:14,729 [INFO]   ✓ SAVITRI THAKUR | BJP | cases=0 | assets=₹53107546
2026-06-12 03:56:14,729 [INFO]   ↳ sleeping 12.4s
2026-06-12 03:56:27,189 [INFO] [240/510] candidate_id=5163 — Shankar Lalwani
2026-06-12 03:56:28,678 [INFO]   ✓ SHANKAR LALWANI | BJP | cases=0 | assets=₹19522412
2026-06-12 03:56:28,679 [INFO]   ↳ sleeping 15.3s
2026-06-12 03:56:43,964 [INFO] [241/510] candidate_id=6416 — Gajendra Singh Patel
2026-06-12 03:56:45,414 [INFO]   ✓ GAJENDRA SINGH PATEL | BJP | cases=0 | assets=₹99824946
2026-06-12 03:56:45,414 [INFO]   ↳ sleeping 14.0s
2026-06-12 03:56:59,428 [INFO] [242/510] candidate_id=5069 — Gyaneshwar Patil
2026-06-12 03:57:00,937 [INFO]   ✓ GYANESHWAR PATIL | BJP | cases=1 | assets=₹72237099
2026-06-12 03:57:00,938 [INFO]   ↳ sleeping 11.8s
2026-06-12 03:57:12,718 [INFO] [243/510] candidate_id=675 — Shyamkumar Daulat Barve
2026-06-12 03:57:14,199 [INFO]   ✓ SHYAMKUMAR DAULAT BARVE | INC | cases=2 | assets=₹42894953
2026-06-12 03:57:14,199 [INFO]   ↳ sleeping 13.4s
2026-06-12 03:57:27,641 [INFO] [244/510] candidate_id=329 — Nitin Jairam Gadkari
2026-06-12 03:57:29,145 [INFO]   ✓ NITIN JAIRAM GADKARI | BJP | cases=10 | assets=₹280317321
2026-06-12 03:57:29,145 [INFO]   ↳ sleeping 16.2s
2026-06-12 03:57:45,356 [INFO] [245/510] candidate_id=313 — Dr. Prashant Yadaorao Padole
2026-06-12 03:57:46,975 [INFO]   ✓ DR. PRASHANT YADAORAO PADOLE | INC | cases=0 | assets=₹144668874
2026-06-12 03:57:46,975 [INFO]   ↳ sleeping 11.3s
2026-06-12 03:57:58,296 [INFO] [246/510] candidate_id=317 — Dr. Kirsan Namdeo
2026-06-12 03:57:59,853 [INFO]   ✓ DR. KIRSAN NAMDEO | INC | cases=0 | assets=₹59476042
2026-06-12 03:57:59,853 [INFO]   ↳ sleeping 15.1s
2026-06-12 03:58:14,974 [INFO] [247/510] candidate_id=300 — Dhanorkar Pratibha Suresh Alias Balubhau
2026-06-12 03:58:16,924 [INFO]   ✓ DHANORKAR PRATIBHA SURESH ALIAS BALUBHAU | INC | cases=0 | assets=₹803722094
2026-06-12 03:58:16,924 [INFO]   ↳ sleeping 11.5s
2026-06-12 03:58:28,390 [INFO] [248/510] candidate_id=1958 — Jadhav Prataprao Ganpatrao
2026-06-12 03:58:29,311 [INFO]   ✓ JADHAV PRATAPRAO GANPATRAO | Shiv Sena | cases=2 | assets=₹164260448
2026-06-12 03:58:29,311 [INFO]   ↳ sleeping 17.0s
2026-06-12 03:58:46,321 [INFO] [249/510] candidate_id=2367 — Anup Sanjay Dhotre
2026-06-12 03:58:47,927 [INFO]   ✓ ANUP SANJAY DHOTRE | BJP | cases=1 | assets=₹109259962
2026-06-12 03:58:47,927 [INFO]   ↳ sleeping 12.8s
2026-06-12 03:59:00,760 [INFO] [250/510] candidate_id=1120 — Balwant Baswant Wankhade
2026-06-12 03:59:02,248 [INFO]   ✓ BALWANT BASWANT WANKHADE | INC | cases=1 | assets=₹17358730
2026-06-12 03:59:02,248 [INFO]   ↳ sleeping 18.5s
2026-06-12 03:59:20,801 [INFO] [251/510] candidate_id=1969 — Amar Sharadrao Kale
2026-06-12 03:59:23,386 [INFO]   ✓ AMAR SHARADRAO KALE | Nationalist Congress Party – Sharadchandra Pawar | cases=0 | assets=₹106175044
2026-06-12 03:59:23,386 [INFO]   ↳ sleeping 11.9s
2026-06-12 03:59:35,310 [INFO] [252/510] candidate_id=1978 — Sanjay Uttamrao Deshmukh
2026-06-12 03:59:37,618 [INFO]   ✓ SANJAY UTTAMRAO DESHMUKH | ShivSena (Uddhav Balasaheb Thackeray) | cases=0 | assets=₹284422940
2026-06-12 03:59:37,618 [INFO]   ↳ sleeping 16.0s
2026-06-12 03:59:53,632 [INFO] [253/510] candidate_id=2408 — Aashtikar Patil Nagesh Bapurao
2026-06-12 03:59:55,385 [INFO]   ✓ AASHTIKAR PATIL NAGESH BAPURAO | ShivSena (Uddhav Balasaheb Thackeray) | cases=0 | assets=₹80585824
2026-06-12 03:59:55,386 [INFO]   ↳ sleeping 15.3s
2026-06-12 04:00:10,714 [INFO] [254/510] candidate_id=1782 — Vasantrao Balwantrao Chavan
2026-06-12 04:00:12,392 [INFO]   ✓ VASANTRAO BALWANTRAO CHAVAN | INC | cases=1 | assets=₹36785180
2026-06-12 04:00:12,392 [INFO]   ↳ sleeping 11.3s
2026-06-12 04:00:23,673 [INFO] [255/510] candidate_id=2435 — Jadhav Sanjay ( Bandu ) Haribhau
2026-06-12 04:00:25,280 [INFO]   ✓ JADHAV SANJAY ( BANDU ) HARIBHAU | ShivSena (Uddhav Balasaheb Thackeray) | cases=6 | assets=₹102706523
2026-06-12 04:00:25,280 [INFO]   ↳ sleeping 19.3s
2026-06-12 04:00:44,598 [INFO] [256/510] candidate_id=4319 — Tatkare Sunil Dattatrey
2026-06-12 04:00:46,175 [INFO]   ✓ TATKARE SUNIL DATTATREY | NCP | cases=0 | assets=₹145768773
2026-06-12 04:00:46,176 [INFO]   ↳ sleeping 16.2s
2026-06-12 04:01:02,396 [INFO] [257/510] candidate_id=4316 — Supriya Sule
2026-06-12 04:01:05,035 [INFO]   ✓ SUPRIYA SULE | Nationalist Congress Party – Sharadchandra Pawar | cases=0 | assets=₹1665186348
2026-06-12 04:01:05,035 [INFO]   ↳ sleeping 11.5s
2026-06-12 04:01:16,549 [INFO] [258/510] candidate_id=3849 — Omprakash Bhupalsinh Alias Pavan Rajenimbalkar
2026-06-12 04:01:18,131 [INFO]   ✓ OMPRAKASH BHUPALSINH ALIAS PAVAN RAJENIMBALKAR | ShivSena (Uddhav Balasaheb Thackeray) | cases=2 | assets=₹75325549
2026-06-12 04:01:18,131 [INFO]   ↳ sleeping 19.3s
2026-06-12 04:01:37,452 [INFO] [259/510] candidate_id=4318 — Dr. Kalge Shivaji Bandappa
2026-06-12 04:01:39,143 [INFO]   ✓ DR. KALGE SHIVAJI BANDAPPA | INC | cases=0 | assets=₹322619499
2026-06-12 04:01:39,143 [INFO]   ↳ sleeping 17.0s
2026-06-12 04:01:56,131 [INFO] [260/510] candidate_id=4321 — Praniti Sushilkumar Shinde
2026-06-12 04:01:57,667 [INFO]   ✓ PRANITI SUSHILKUMAR SHINDE | INC | cases=3 | assets=₹66070402
2026-06-12 04:01:57,667 [INFO]   ↳ sleeping 11.1s
2026-06-12 04:02:08,770 [INFO] [261/510] candidate_id=4929 — Mohite-Patil Dhairyasheel Rajsinh
2026-06-12 04:02:09,852 [INFO]   ✓ MOHITE-PATIL DHAIRYASHEEL RAJSINH | Nationalist Congress Party – Sharadchandra Pawar | cases=36 | assets=₹489434188
2026-06-12 04:02:09,852 [INFO]   ↳ sleeping 15.3s
2026-06-12 04:02:25,156 [INFO] [262/510] candidate_id=3856 — Vishal (Dada) Prakashbapu Patil
2026-06-12 04:02:26,734 [INFO]   ✓ VISHAL (DADA) PRAKASHBAPU PATIL | IND | cases=9 | assets=₹299065726
2026-06-12 04:02:26,735 [INFO]   ↳ sleeping 10.9s
2026-06-12 04:02:37,641 [INFO] [263/510] candidate_id=4320 — Shrimant Chh Udayanraje Pratapsinhamaharaj Bhonsle
2026-06-12 04:02:38,768 [INFO]   ✓ SHRIMANT CHH UDAYANRAJE PRATAPSINHAMAHARAJ BHONSLE | BJP | cases=4 | assets=₹2231233939
2026-06-12 04:02:38,768 [INFO]   ↳ sleeping 18.5s
2026-06-12 04:02:57,249 [INFO] [264/510] candidate_id=4619 — Narayan Tatu Rane
2026-06-12 04:02:59,129 [INFO]   ✓ NARAYAN TATU RANE | BJP | cases=7 | assets=₹1088739226
2026-06-12 04:02:59,129 [INFO]   ↳ sleeping 15.6s
2026-06-12 04:03:14,747 [INFO] [265/510] candidate_id=3847 — Chhatrapati Shahu Shahaji
2026-06-12 04:03:16,853 [INFO]   ✓ CHHATRAPATI SHAHU SHAHAJI | INC | cases=1 | assets=₹3428668000
2026-06-12 04:03:16,853 [INFO]   ↳ sleeping 10.9s
2026-06-12 04:03:27,761 [INFO] [266/510] candidate_id=3537 — Dhairyasheel Sambhajirao Mane
2026-06-12 04:03:28,698 [INFO]   ✓ DHAIRYASHEEL SAMBHAJIRAO MANE | Shiv Sena | cases=0 | assets=₹45131759
2026-06-12 04:03:28,698 [INFO]   ↳ sleeping 15.1s
2026-06-12 04:03:43,851 [INFO] [267/510] candidate_id=6007 — Adv Gowaal Kagada Padavi
2026-06-12 04:03:45,505 [INFO]   ✓ ADV GOWAAL KAGADA PADAVI | INC | cases=0 | assets=₹70170431
2026-06-12 04:03:45,505 [INFO]   ↳ sleeping 10.2s
2026-06-12 04:03:55,742 [INFO] [268/510] candidate_id=5317 — Smita Uday Wagh
2026-06-12 04:03:56,696 [INFO]   ✓ SMITA UDAY WAGH | BJP | cases=0 | assets=₹87477424
2026-06-12 04:03:56,696 [INFO]   ↳ sleeping 11.6s
2026-06-12 04:04:08,308 [INFO] [269/510] candidate_id=6921 — Khadse Raksha Nikhil
2026-06-12 04:04:10,614 [INFO]   ✓ KHADSE RAKSHA NIKHIL | BJP | cases=0 | assets=₹182117790
2026-06-12 04:04:10,614 [INFO]   ↳ sleeping 11.6s
2026-06-12 04:04:22,257 [INFO] [270/510] candidate_id=5320 — Kalyan Vaijinathrao Kale
2026-06-12 04:04:23,905 [INFO]   ✓ KALYAN VAIJINATHRAO KALE | INC | cases=2 | assets=₹1329206684
2026-06-12 04:04:23,905 [INFO]   ↳ sleeping 12.8s
2026-06-12 04:04:36,749 [INFO] [271/510] candidate_id=5323 — Bhumare Sandipanrao Asaram
2026-06-12 04:04:38,346 [INFO]   ✓ BHUMARE SANDIPANRAO ASARAM | Shiv Sena | cases=4 | assets=₹103071866
2026-06-12 04:04:38,346 [INFO]   ↳ sleeping 11.7s
2026-06-12 04:04:50,086 [INFO] [272/510] candidate_id=5325 — Shrirang Appa Chandu Barne
2026-06-12 04:04:51,629 [INFO]   ✓ SHRIRANG APPA CHANDU BARNE | Shiv Sena | cases=3 | assets=₹1318591631
2026-06-12 04:04:51,629 [INFO]   ↳ sleeping 18.0s
2026-06-12 04:05:09,655 [INFO] [273/510] candidate_id=6044 — Murlidhar Mohol
2026-06-12 04:05:11,193 [INFO]   ✓ MURLIDHAR MOHOL | BJP | cases=3 | assets=₹243244483
2026-06-12 04:05:11,193 [INFO]   ↳ sleeping 15.1s
2026-06-12 04:05:26,262 [INFO] [274/510] candidate_id=5327 — Dr. Amol Ramsing Kolhe
2026-06-12 04:05:27,902 [INFO]   ✓ DR. AMOL RAMSING KOLHE | Nationalist Congress Party – Sharadchandra Pawar | cases=0 | assets=₹84207251
2026-06-12 04:05:27,902 [INFO]   ↳ sleeping 19.5s
2026-06-12 04:05:47,409 [INFO] [275/510] candidate_id=5328 — Nilesh Dnyandev Lanke
2026-06-12 04:05:48,937 [INFO]   ✓ NILESH DNYANDEV LANKE | Nationalist Congress Party – Sharadchandra Pawar | cases=2 | assets=₹4554561
2026-06-12 04:05:48,937 [INFO]   ↳ sleeping 17.1s
2026-06-12 04:06:06,085 [INFO] [276/510] candidate_id=5331 — Bhausaheb Rajaram Wakchaure
2026-06-12 04:06:07,704 [INFO]   ✓ BHAUSAHEB RAJARAM WAKCHAURE | ShivSena (Uddhav Balasaheb Thackeray) | cases=0 | assets=₹97519221
2026-06-12 04:06:07,704 [INFO]   ↳ sleeping 19.0s
2026-06-12 04:06:26,690 [INFO] [277/510] candidate_id=5333 — Bajrang Manohar Sonwane
2026-06-12 04:06:28,459 [INFO]   ✓ BAJRANG MANOHAR SONWANE | Nationalist Congress Party – Sharadchandra Pawar | cases=0 | assets=₹289278459
2026-06-12 04:06:28,459 [INFO]   ↳ sleeping 16.6s
2026-06-12 04:06:45,068 [INFO] [278/510] candidate_id=7088 — Bachhav Shobha Dinesh
2026-06-12 04:06:46,655 [INFO]   ✓ BACHHAV SHOBHA DINESH | INC | cases=2 | assets=₹305035058
2026-06-12 04:06:46,655 [INFO]   ↳ sleeping 18.0s
2026-06-12 04:07:04,684 [INFO] [279/510] candidate_id=7089 — Bhaskar Murlidhar Bhagare
2026-06-12 04:07:06,312 [INFO]   ✓ BHASKAR MURLIDHAR BHAGARE | Nationalist Congress Party – Sharadchandra Pawar | cases=0 | assets=₹17450827
2026-06-12 04:07:06,312 [INFO]   ↳ sleeping 13.7s
2026-06-12 04:07:20,014 [INFO] [280/510] candidate_id=7124 — Rajabhau (Parag) Prakash Waje
2026-06-12 04:07:21,491 [INFO]   ✓ RAJABHAU (PARAG) PRAKASH WAJE | ShivSena (Uddhav Balasaheb Thackeray) | cases=0 | assets=₹158637378
2026-06-12 04:07:21,491 [INFO]   ↳ sleeping 15.1s
2026-06-12 04:07:36,643 [INFO] [281/510] candidate_id=7349 — Dr. Hemant Vishnu Savara
2026-06-12 04:07:38,230 [INFO]   ✓ DR. HEMANT VISHNU SAVARA | BJP | cases=0 | assets=₹81622050
2026-06-12 04:07:38,230 [INFO]   ↳ sleeping 15.3s
2026-06-12 04:07:53,546 [INFO] [282/510] candidate_id=7090 — Suresh Gopinath Mhatre Alias Balya Mama
2026-06-12 04:07:55,477 [INFO]   ✓ SURESH GOPINATH MHATRE ALIAS BALYA MAMA | Nationalist Congress Party – Sharadchandra Pawar | cases=0 | assets=₹1075534826
2026-06-12 04:07:55,477 [INFO]   ↳ sleeping 16.3s
2026-06-12 04:08:11,737 [INFO] [283/510] candidate_id=7216 — Dr Shrikant Eknath Shinde
2026-06-12 04:08:13,219 [INFO]   ✓ DR SHRIKANT EKNATH SHINDE | Shiv Sena | cases=0 | assets=₹149208812
2026-06-12 04:08:13,219 [INFO]   ↳ sleeping 18.6s
2026-06-12 04:08:31,806 [INFO] [284/510] candidate_id=7462 — Naresh Ganpat Mhaske
2026-06-12 04:08:33,453 [INFO]   ✓ NARESH GANPAT MHASKE | Shiv Sena | cases=2 | assets=₹262602215
2026-06-12 04:08:33,453 [INFO]   ↳ sleeping 16.4s
2026-06-12 04:08:49,880 [INFO] [285/510] candidate_id=7093 — Piyush Goyal
2026-06-12 04:08:51,621 [INFO]   ✓ PIYUSH GOYAL | BJP | cases=0 | assets=₹1109514447
2026-06-12 04:08:51,621 [INFO]   ↳ sleeping 14.5s
2026-06-12 04:09:06,090 [INFO] [286/510] candidate_id=7481 — Ravindra Dattaram Waikar
2026-06-12 04:09:07,709 [INFO]   ✓ RAVINDRA DATTARAM WAIKAR | Shiv Sena | cases=3 | assets=₹545049854
2026-06-12 04:09:07,709 [INFO]   ↳ sleeping 12.3s
2026-06-12 04:09:19,965 [INFO] [287/510] candidate_id=7094 — Sanjay Dina Patil
2026-06-12 04:09:20,875 [INFO]   ✓ SANJAY DINA PATIL | ShivSena (Uddhav Balasaheb Thackeray) | cases=0 | assets=₹39911145
2026-06-12 04:09:20,875 [INFO]   ↳ sleeping 13.6s
2026-06-12 04:09:34,518 [INFO] [288/510] candidate_id=7096 — Gaikwad Varsha Eknath
2026-06-12 04:09:36,120 [INFO]   ✓ GAIKWAD VARSHA EKNATH | INC | cases=7 | assets=₹76848656
2026-06-12 04:09:36,120 [INFO]   ↳ sleeping 12.6s
2026-06-12 04:09:48,720 [INFO] [289/510] candidate_id=7098 — Anil Yeshwant Desai
2026-06-12 04:09:50,358 [INFO]   ✓ ANIL YESHWANT DESAI | ShivSena (Uddhav Balasaheb Thackeray) | cases=0 | assets=₹229443731
2026-06-12 04:09:50,358 [INFO]   ↳ sleeping 12.4s
2026-06-12 04:10:02,793 [INFO] [290/510] candidate_id=7097 — Arvind Ganpat Sawant
2026-06-12 04:10:04,354 [INFO]   ✓ ARVIND GANPAT SAWANT | ShivSena (Uddhav Balasaheb Thackeray) | cases=1 | assets=₹50485191
2026-06-12 04:10:04,354 [INFO]   ↳ sleeping 10.2s
2026-06-12 04:10:14,568 [INFO] [291/510] candidate_id=337 — Angomcha Bimol Akoijam
2026-06-12 04:10:15,547 [INFO]   ✓ ANGOMCHA BIMOL AKOIJAM | INC | cases=0 | assets=₹9767556
2026-06-12 04:10:15,547 [INFO]   ↳ sleeping 16.7s
2026-06-12 04:10:32,256 [INFO] [292/510] candidate_id=340 — Alfred Kanngam S Arthur
2026-06-12 04:10:33,818 [INFO]   ✓ ALFRED KANNGAM S ARTHUR | INC | cases=0 | assets=₹555326115
2026-06-12 04:10:33,818 [INFO]   ↳ sleeping 15.0s
2026-06-12 04:10:48,818 [INFO] [293/510] candidate_id=344 — Dr. Ricky Andrew J. Syngkon
2026-06-12 04:10:50,460 [INFO]   ✓ DR. RICKY ANDREW J. SYNGKON | Voice of the People Party | cases=0 | assets=₹13128411
2026-06-12 04:10:50,460 [INFO]   ↳ sleeping 19.9s
2026-06-12 04:11:10,330 [INFO] [294/510] candidate_id=350 — Saleng A Sangma
2026-06-12 04:11:11,949 [INFO]   ✓ SALENG A SANGMA | INC | cases=0 | assets=₹40049264
2026-06-12 04:11:11,949 [INFO]   ↳ sleeping 19.4s
2026-06-12 04:11:31,376 [INFO] [295/510] candidate_id=60 — Richard Vanlalhmangaiha
2026-06-12 04:11:32,957 [INFO]   ✓ RICHARD VANLALHMANGAIHA | Zoram Peoples Movement | cases=0 | assets=₹16919233
2026-06-12 04:11:32,957 [INFO]   ↳ sleeping 19.5s
2026-06-12 04:11:52,420 [INFO] [296/510] candidate_id=356 — S Supongmeren Jamir
2026-06-12 04:11:54,032 [INFO]   ✓ S SUPONGMEREN JAMIR | INC | cases=0 | assets=₹2100868
2026-06-12 04:11:54,032 [INFO]   ↳ sleeping 14.0s
2026-06-12 04:12:08,081 [INFO] [297/510] candidate_id=5174 — Malvika Devi
2026-06-12 04:12:08,979 [INFO]   ✓ MALVIKA DEVI | BJP | cases=0 | assets=₹418901050
2026-06-12 04:12:08,979 [INFO]   ↳ sleeping 13.7s
2026-06-12 04:12:22,737 [INFO] [298/510] candidate_id=6335 — Balabhadra Majhi
2026-06-12 04:12:24,351 [INFO]   ✓ BALABHADRA MAJHI | BJP | cases=2 | assets=₹78863561
2026-06-12 04:12:24,351 [INFO]   ↳ sleeping 14.8s
2026-06-12 04:12:39,138 [INFO] [299/510] candidate_id=5309 — Dr Pradeep Kumar Panigrahy
2026-06-12 04:12:40,752 [INFO]   ✓ DR PRADEEP KUMAR PANIGRAHY | BJP | cases=9 | assets=₹37808128
2026-06-12 04:12:40,752 [INFO]   ↳ sleeping 10.6s
2026-06-12 04:12:51,349 [INFO] [300/510] candidate_id=5071 — Saptagiri Sankar Ulaka
2026-06-12 04:12:52,371 [INFO]   ✓ SAPTAGIRI SANKAR ULAKA | INC | cases=0 | assets=₹70956659
2026-06-12 04:12:52,371 [INFO]   ↳ sleeping 11.9s
2026-06-12 04:29:30,045 [INFO] [301/510] candidate_id=7148 — Pradeep Purohit
2026-06-12 04:29:31,739 [INFO]   ✓ PRADEEP PUROHIT | BJP | cases=8 | assets=₹22595410
2026-06-12 04:29:31,739 [INFO]   ↳ sleeping 11.1s
2026-06-12 04:29:42,868 [INFO] [302/510] candidate_id=7296 — Jual Oram
2026-06-12 04:29:44,326 [INFO]   ✓ JUAL ORAM | BJP | cases=3 | assets=₹86325870
2026-06-12 04:29:44,326 [INFO]   ↳ sleeping 11.3s
2026-06-12 04:29:55,582 [INFO] [303/510] candidate_id=7154 — Sangeeta Kumari Singh Deo
2026-06-12 04:30:03,974 [INFO]   ✓ SANGEETA KUMARI SINGH DEO | BJP | cases=1 | assets=₹673060630
2026-06-12 04:30:03,974 [INFO]   ↳ sleeping 15.0s
2026-06-12 04:30:18,991 [INFO] [304/510] candidate_id=7157 — Sukanta Kumar Panigrahi
2026-06-12 04:30:20,903 [INFO]   ✓ SUKANTA KUMAR PANIGRAHI | BJP | cases=4 | assets=₹7071617
2026-06-12 04:30:20,903 [INFO]   ↳ sleeping 16.2s
2026-06-12 04:45:37,892 [INFO] [305/510] candidate_id=7158 — Anita Subhadarshini
2026-06-12 04:45:39,585 [INFO]   ✓ ANITA SUBHADARSHINI | BJP | cases=0 | assets=₹24799399
2026-06-12 04:45:39,585 [INFO]   ↳ sleeping 15.5s
2026-06-12 04:45:55,111 [INFO] [306/510] candidate_id=8053 — Dharmendra Pradhan
2026-06-12 04:45:57,093 [INFO]   ✓ DHARMENDRA PRADHAN | BJP | cases=5 | assets=₹69219190
2026-06-12 04:45:57,093 [INFO]   ↳ sleeping 18.7s
2026-06-12 04:46:15,834 [INFO] [307/510] candidate_id=8000 — Ananta Nayak
2026-06-12 04:46:17,487 [INFO]   ✓ ANANTA NAYAK | BJP | cases=1 | assets=₹8486265
2026-06-12 04:46:17,487 [INFO]   ↳ sleeping 10.0s
2026-06-12 04:46:27,500 [INFO] [308/510] candidate_id=8008 — Rudra Narayan Pany
2026-06-12 04:46:29,370 [INFO]   ✓ RUDRA NARAYAN PANY | BJP | cases=8 | assets=₹5676627
2026-06-12 04:46:29,370 [INFO]   ↳ sleeping 14.9s
2026-06-12 04:46:44,251 [INFO] [309/510] candidate_id=8022 — Bhartruhari Mahtab
2026-06-12 04:46:45,747 [INFO]   ✓ BHARTRUHARI MAHTAB | BJP | cases=1 | assets=₹199052798
2026-06-12 04:46:45,747 [INFO]   ↳ sleeping 10.0s
2026-06-12 05:02:06,930 [INFO] [310/510] candidate_id=8026 — Sambit Patra
2026-06-12 05:02:07,993 [INFO]   ✓ SAMBIT PATRA | BJP | cases=1 | assets=₹19806997
2026-06-12 05:02:07,993 [INFO]   ↳ sleeping 19.0s
2026-06-12 05:02:26,990 [INFO] [311/510] candidate_id=8040 — Aparajita Sarangi
2026-06-12 05:02:28,042 [INFO]   ✓ APARAJITA SARANGI | BJP | cases=1 | assets=₹46254213
2026-06-12 05:02:28,042 [INFO]   ↳ sleeping 12.9s
2026-06-12 05:02:40,911 [INFO] [312/510] candidate_id=9392 — Naba Charan Majhi
2026-06-12 05:02:42,412 [INFO]   ✓ NABA CHARAN MAJHI | BJP | cases=1 | assets=₹7407000
2026-06-12 05:02:42,412 [INFO]   ↳ sleeping 19.5s
2026-06-12 05:13:47,791 [INFO] [313/510] candidate_id=9397 — Pratap Chandra Sarangi
2026-06-12 05:13:48,905 [INFO]   ✓ PRATAP CHANDRA SARANGI | BJP | cases=9 | assets=₹4959072
2026-06-12 05:13:48,905 [INFO]   ↳ sleeping 16.1s
2026-06-12 05:14:05,028 [INFO] [314/510] candidate_id=9413 — Avimanyu Sethi
2026-06-12 05:14:06,507 [INFO]   ✓ AVIMANYU SETHI | BJP | cases=0 | assets=₹70794290
2026-06-12 05:14:06,507 [INFO]   ↳ sleeping 17.2s
2026-06-12 05:25:01,548 [INFO] [315/510] candidate_id=9604 — Rabindra Narayan Behera
2026-06-12 05:25:03,041 [INFO]   ✓ RABINDRA NARAYAN BEHERA | BJP | cases=0 | assets=₹45567092
2026-06-12 05:25:03,041 [INFO]   ↳ sleeping 11.2s
2026-06-12 05:25:14,203 [INFO] [316/510] candidate_id=9427 — Baijayant Panda
2026-06-12 05:25:15,677 [INFO]   ✓ BAIJAYANT PANDA | BJP | cases=8 | assets=₹1480878708
2026-06-12 05:25:15,677 [INFO]   ↳ sleeping 19.2s
2026-06-12 05:25:34,935 [INFO] [317/510] candidate_id=9616 — Bibhu Prasad Tarai
2026-06-12 05:25:36,504 [INFO]   ✓ BIBHU PRASAD TARAI | BJP | cases=3 | assets=₹17974886
2026-06-12 05:25:36,504 [INFO]   ↳ sleeping 12.3s
2026-06-12 05:25:48,824 [INFO] [318/510] candidate_id=531 — Ve Vaithilingam
2026-06-12 05:25:50,399 [INFO]   ✓ VE VAITHILINGAM | INC | cases=0 | assets=₹157249699
2026-06-12 05:25:50,399 [INFO]   ↳ sleeping 16.5s
2026-06-12 05:41:19,966 [INFO] [319/510] candidate_id=8728 — Sukhjinder Singh Randhawa
2026-06-12 05:41:21,457 [INFO]   ✓ SUKHJINDER SINGH RANDHAWA | INC | cases=0 | assets=₹71253181
2026-06-12 05:41:21,457 [INFO]   ↳ sleeping 13.4s
2026-06-12 05:41:34,902 [INFO] [320/510] candidate_id=8734 — Gurjeet Singh Aujla
2026-06-12 05:41:35,871 [INFO]   ✓ GURJEET SINGH AUJLA | INC | cases=0 | assets=₹53508591
2026-06-12 05:41:35,871 [INFO]   ↳ sleeping 18.8s
2026-06-12 05:41:54,643 [INFO] [321/510] candidate_id=9665 — Amritpal Singh
2026-06-12 05:41:58,960 [INFO]   ✓ AMRITPAL SINGH | IND | cases=12 | assets=₹1838440
2026-06-12 05:41:58,960 [INFO]   ↳ sleeping 18.3s
2026-06-12 05:58:49,162 [INFO] [322/510] candidate_id=8738 — Charanjit Singh Channi
2026-06-12 05:58:50,863 [INFO]   ✓ CHARANJIT SINGH CHANNI | INC | cases=0 | assets=₹102119804
2026-06-12 05:58:50,863 [INFO]   ↳ sleeping 19.7s
2026-06-12 05:59:10,527 [INFO] [323/510] candidate_id=8884 — Dr. Raj Kumar Chabbewal
2026-06-12 05:59:31,085 [INFO]   ✓ DR. RAJ KUMAR CHABBEWAL | AAP | cases=0 | assets=₹207695398
2026-06-12 05:59:31,085 [INFO]   ↳ sleeping 19.6s
2026-06-12 05:59:50,654 [INFO] [324/510] candidate_id=8744 — Malvinder Singh Kang
2026-06-12 05:59:52,219 [INFO]   ✓ MALVINDER SINGH KANG | AAP | cases=0 | assets=₹41905973
2026-06-12 05:59:52,219 [INFO]   ↳ sleeping 12.6s
2026-06-12 06:00:04,797 [INFO] [325/510] candidate_id=8745 — Amrinder Singh Raja Warring
2026-06-12 06:00:06,451 [INFO]   ✓ AMRINDER SINGH RAJA WARRING | INC | cases=0 | assets=₹177243256
2026-06-12 06:00:06,451 [INFO]   ↳ sleeping 14.2s
2026-06-12 06:00:20,667 [INFO] [326/510] candidate_id=8748 — Amar Singh
2026-06-12 06:00:22,169 [INFO]   ✓ AMAR SINGH | INC | cases=0 | assets=₹54280612
2026-06-12 06:00:22,169 [INFO]   ↳ sleeping 15.5s
2026-06-12 06:00:37,669 [INFO] [327/510] candidate_id=9256 — Sarabjeet Singh Khalsa
2026-06-12 06:00:39,168 [INFO]   ✓ SARABJEET SINGH KHALSA | IND | cases=0 | assets=₹10808400
2026-06-12 06:00:39,169 [INFO]   ↳ sleeping 14.0s
2026-06-12 06:00:53,136 [INFO] [328/510] candidate_id=8940 — Sher Singh Ghubaya
2026-06-12 06:00:54,669 [INFO]   ✓ SHER SINGH GHUBAYA | INC | cases=0 | assets=₹91161885
2026-06-12 06:00:54,669 [INFO]   ↳ sleeping 15.7s
2026-06-12 06:01:10,415 [INFO] [329/510] candidate_id=8951 — Harsimrat Kaur Badal
2026-06-12 06:01:11,957 [INFO]   ✓ HARSIMRAT KAUR BADAL | SAD | cases=0 | assets=₹1985183903
2026-06-12 06:01:11,957 [INFO]   ↳ sleeping 15.0s
2026-06-12 06:01:26,956 [INFO] [330/510] candidate_id=8730 — Gurmeet Singh Hayer
2026-06-12 06:01:28,574 [INFO]   ✓ GURMEET SINGH HAYER | AAP | cases=2 | assets=₹37416362
2026-06-12 06:01:28,574 [INFO]   ↳ sleeping 13.9s
2026-06-12 06:01:42,473 [INFO] [331/510] candidate_id=8759 — Dr Dharamvira Gandhi
2026-06-12 06:01:43,457 [INFO]   ✓ DR DHARAMVIRA GANDHI | INC | cases=0 | assets=₹85341885
2026-06-12 06:01:43,457 [INFO]   ↳ sleeping 17.1s
2026-06-12 06:02:00,564 [INFO] [332/510] candidate_id=409 — Kuldeep Indora
2026-06-12 06:02:02,390 [INFO]   ✓ KULDEEP INDORA | INC | cases=0 | assets=₹137189112
2026-06-12 06:02:02,390 [INFO]   ↳ sleeping 15.0s
2026-06-12 06:02:17,449 [INFO] [333/510] candidate_id=381 — Arjun Ram Meghwal
2026-06-12 06:02:19,134 [INFO]   ✓ ARJUN RAM MEGHWAL | BJP | cases=0 | assets=₹37654863
2026-06-12 06:02:19,134 [INFO]   ↳ sleeping 10.2s
2026-06-12 06:02:29,301 [INFO] [334/510] candidate_id=395 — Rahul Kaswan
2026-06-12 06:02:32,921 [INFO]   ✓ RAHUL KASWAN | INC | cases=0 | assets=₹53322989
2026-06-12 06:02:32,922 [INFO]   ↳ sleeping 11.9s
2026-06-12 06:02:44,855 [INFO] [335/510] candidate_id=444 — Brijendra Singh Ola
2026-06-12 06:02:46,390 [INFO]   ✓ BRIJENDRA SINGH OLA | INC | cases=0 | assets=₹160284000
2026-06-12 06:02:46,391 [INFO]   ↳ sleeping 11.8s
2026-06-12 06:02:58,156 [INFO] [336/510] candidate_id=476 — Amraram
2026-06-12 06:02:59,783 [INFO]   ✓ AMRARAM | CPI(M) | cases=0 | assets=₹4050109
2026-06-12 06:02:59,783 [INFO]   ↳ sleeping 16.9s
2026-06-12 06:03:16,674 [INFO] [337/510] candidate_id=436 — Rao Rajendra Singh
2026-06-12 06:03:18,387 [INFO]   ✓ RAO RAJENDRA SINGH | BJP | cases=0 | assets=₹293352992
2026-06-12 06:03:18,387 [INFO]   ↳ sleeping 19.3s
2026-06-12 06:03:37,727 [INFO] [338/510] candidate_id=417 — Manju Sharma
2026-06-12 06:03:39,306 [INFO]   ✓ MANJU SHARMA | BJP | cases=0 | assets=₹23661843
2026-06-12 06:03:39,306 [INFO]   ↳ sleeping 17.7s
2026-06-12 06:03:57,051 [INFO] [339/510] candidate_id=360 — Bhupender Yadav
2026-06-12 06:03:58,537 [INFO]   ✓ BHUPENDER YADAV | BJP | cases=0 | assets=₹23236037
2026-06-12 06:03:58,538 [INFO]   ↳ sleeping 19.5s
2026-06-12 06:04:18,058 [INFO] [340/510] candidate_id=371 — Sanjna Jatav
2026-06-12 06:04:19,515 [INFO]   ✓ SANJNA JATAV | INC | cases=0 | assets=₹2310193
2026-06-12 06:04:19,515 [INFO]   ↳ sleeping 11.0s
2026-06-12 06:04:30,517 [INFO] [341/510] candidate_id=451 — Bhajan Lal Jatav
2026-06-12 06:04:31,491 [INFO]   ✓ BHAJAN LAL JATAV | INC | cases=1 | assets=₹33282184
2026-06-12 06:04:31,491 [INFO]   ↳ sleeping 14.7s
2026-06-12 06:04:46,178 [INFO] [342/510] candidate_id=401 — Murari Lal Meena
2026-06-12 06:04:47,635 [INFO]   ✓ MURARI LAL MEENA | INC | cases=0 | assets=₹135714010
2026-06-12 06:04:47,635 [INFO]   ↳ sleeping 11.2s
2026-06-12 06:04:58,806 [INFO] [343/510] candidate_id=454 — Hanuman Beniwal
2026-06-12 06:05:00,371 [INFO]   ✓ HANUMAN BENIWAL | Rashtriya Loktantrik Party | cases=1 | assets=₹8110760
2026-06-12 06:05:00,371 [INFO]   ↳ sleeping 13.4s
2026-06-12 06:05:13,769 [INFO] [344/510] candidate_id=2583 — Harish Chandra Meena
2026-06-12 06:05:15,284 [INFO]   ✓ HARISH CHANDRA MEENA | INC | cases=0 | assets=₹230794780
2026-06-12 06:05:15,284 [INFO]   ↳ sleeping 17.3s
2026-06-12 06:05:32,580 [INFO] [345/510] candidate_id=2038 — Bhagirath Choudhary
2026-06-12 06:05:34,080 [INFO]   ✓ BHAGIRATH CHOUDHARY | BJP | cases=0 | assets=₹133811555
2026-06-12 06:05:34,080 [INFO]   ↳ sleeping 15.5s
2026-06-12 06:05:49,633 [INFO] [346/510] candidate_id=2574 — P. P. Chaudhary
2026-06-12 06:05:51,133 [INFO]   ✓ P. P. CHAUDHARY | BJP | cases=0 | assets=₹407176661
2026-06-12 06:05:51,133 [INFO]   ↳ sleeping 13.5s
2026-06-12 06:06:04,663 [INFO] [347/510] candidate_id=1843 — Gajendra Singh Shekhawat
2026-06-12 06:06:06,132 [INFO]   ✓ GAJENDRA SINGH SHEKHAWAT | BJP | cases=0 | assets=₹193027658
2026-06-12 06:06:06,133 [INFO]   ↳ sleeping 10.5s
2026-06-12 06:06:16,629 [INFO] [348/510] candidate_id=2547 — Ummeda Ram Beniwal
2026-06-12 06:06:18,149 [INFO]   ✓ UMMEDA RAM BENIWAL | INC | cases=0 | assets=₹192765969
2026-06-12 06:06:18,149 [INFO]   ↳ sleeping 11.5s
2026-06-12 06:06:29,621 [INFO] [349/510] candidate_id=2557 — Lumbaram
2026-06-12 06:06:31,096 [INFO]   ✓ LUMBARAM | BJP | cases=0 | assets=₹19587446
2026-06-12 06:06:31,096 [INFO]   ↳ sleeping 19.8s
2026-06-12 06:06:50,875 [INFO] [350/510] candidate_id=1854 — Manna Lal Rawat
2026-06-12 06:06:52,405 [INFO]   ✓ MANNA LAL RAWAT | BJP | cases=0 | assets=₹27125206
2026-06-12 06:06:52,405 [INFO]   ↳ sleeping 13.1s
2026-06-12 06:07:05,497 [INFO] [351/510] candidate_id=1771 — Raj Kumar Roat
2026-06-12 06:07:06,999 [INFO]   ✓ RAJ KUMAR ROAT | Bharat Adivasi Party | cases=1 | assets=₹11731679
2026-06-12 06:07:06,999 [INFO]   ↳ sleeping 14.1s
2026-06-12 06:07:21,117 [INFO] [352/510] candidate_id=2025 — Chandra Prakash Joshi
2026-06-12 06:07:22,585 [INFO]   ✓ CHANDRA PRAKASH JOSHI | BJP | cases=0 | assets=₹40973304
2026-06-12 06:07:22,585 [INFO]   ↳ sleeping 16.7s
2026-06-12 06:07:39,255 [INFO] [353/510] candidate_id=2577 — Mahima Kumari Mewar
2026-06-12 06:07:40,760 [INFO]   ✓ MAHIMA KUMARI MEWAR | BJP | cases=0 | assets=₹11376000
2026-06-12 06:07:40,760 [INFO]   ↳ sleeping 18.7s
2026-06-12 06:07:59,430 [INFO] [354/510] candidate_id=2743 — Damodar Agarwal
2026-06-12 06:08:00,947 [INFO]   ✓ DAMODAR AGARWAL | BJP | cases=1 | assets=₹71392415
2026-06-12 06:08:00,948 [INFO]   ↳ sleeping 10.8s
2026-06-12 06:08:11,796 [INFO] [355/510] candidate_id=2567 — Om Birla
2026-06-12 06:08:13,421 [INFO]   ✓ OM BIRLA | BJP | cases=0 | assets=₹106206645
2026-06-12 06:08:13,421 [INFO]   ↳ sleeping 19.9s
2026-06-12 06:08:33,352 [INFO] [356/510] candidate_id=2013 — Dushyant Singh
2026-06-12 06:08:34,946 [INFO]   ✓ DUSHYANT SINGH | BJP | cases=0 | assets=₹389308540
2026-06-12 06:08:34,947 [INFO]   ↳ sleeping 11.6s
2026-06-12 06:08:46,569 [INFO] [357/510] candidate_id=484 — Indra Hang Subba
2026-06-12 06:08:47,507 [INFO]   ✓ INDRA HANG SUBBA | Sikkim Krantikari Morcha | cases=0 | assets=₹14845772
2026-06-12 06:08:47,507 [INFO]   ↳ sleeping 19.6s
2026-06-12 06:09:07,144 [INFO] [358/510] candidate_id=1464 — Sasikanth Senthil
2026-06-12 06:09:08,840 [INFO]   ✓ SASIKANTH SENTHIL | INC | cases=0 | assets=₹22107297
2026-06-12 06:09:08,840 [INFO]   ↳ sleeping 11.8s
2026-06-12 06:09:20,689 [INFO] [359/510] candidate_id=1081 — Dr.Kalanidhi Veeraswamy
2026-06-12 06:09:22,331 [INFO]   ✓ DR.KALANIDHI VEERASWAMY | DMK | cases=0 | assets=₹610614066
2026-06-12 06:09:22,331 [INFO]   ↳ sleeping 10.9s
2026-06-12 06:09:33,256 [INFO] [360/510] candidate_id=100 — Sumathy T
2026-06-12 06:09:34,328 [INFO]   ✓ SUMATHY T | DMK | cases=0 | assets=₹148658298
2026-06-12 06:09:34,328 [INFO]   ↳ sleeping 15.6s
2026-06-12 06:09:49,890 [INFO] [361/510] candidate_id=1043 — Dayanidhi Maran
2026-06-12 06:09:51,502 [INFO]   ✓ DAYANIDHI MARAN | DMK | cases=4 | assets=₹170770037
2026-06-12 06:09:51,502 [INFO]   ↳ sleeping 18.6s
2026-06-12 06:10:10,160 [INFO] [362/510] candidate_id=184 — T R Baalu
2026-06-12 06:10:11,685 [INFO]   ✓ T R BAALU | DMK | cases=0 | assets=₹457302056
2026-06-12 06:10:11,685 [INFO]   ↳ sleeping 19.9s
2026-06-12 06:10:31,594 [INFO] [363/510] candidate_id=134 — Selvam. G
2026-06-12 06:10:33,218 [INFO]   ✓ SELVAM. G | DMK | cases=0 | assets=₹23615126
2026-06-12 06:10:33,218 [INFO]   ↳ sleeping 15.7s
2026-06-12 06:10:48,925 [INFO] [364/510] candidate_id=533 — S Jagathratchakan
2026-06-12 06:10:50,636 [INFO]   ✓ S JAGATHRATCHAKAN | DMK | cases=2 | assets=₹534587828
2026-06-12 06:10:50,636 [INFO]   ↳ sleeping 14.0s
2026-06-12 06:11:04,657 [INFO] [365/510] candidate_id=216 — Dm Kathir Anand
2026-06-12 06:11:06,489 [INFO]   ✓ DM KATHIR ANAND | DMK | cases=5 | assets=₹887965643
2026-06-12 06:11:06,489 [INFO]   ↳ sleeping 16.3s
2026-06-12 06:11:22,799 [INFO] [366/510] candidate_id=1531 — Gopinath K
2026-06-12 06:11:24,387 [INFO]   ✓ GOPINATH K | INC | cases=0 | assets=₹123405500
2026-06-12 06:11:24,387 [INFO]   ↳ sleeping 16.9s
2026-06-12 06:11:41,251 [INFO] [367/510] candidate_id=121 — Mani. A.
2026-06-12 06:11:42,703 [INFO]   ✓ MANI. A. | DMK | cases=1 | assets=₹86564403
2026-06-12 06:11:42,703 [INFO]   ↳ sleeping 16.5s
2026-06-12 06:11:59,218 [INFO] [368/510] candidate_id=1155 — C N Annadurai
2026-06-12 06:12:00,821 [INFO]   ✓ C N ANNADURAI | DMK | cases=0 | assets=₹203686311
2026-06-12 06:12:00,821 [INFO]   ↳ sleeping 18.6s
2026-06-12 06:12:19,417 [INFO] [369/510] candidate_id=703 — Tharaniventhan M S
2026-06-12 06:12:21,036 [INFO]   ✓ THARANIVENTHAN M S | DMK | cases=0 | assets=₹17161977
2026-06-12 06:12:21,036 [INFO]   ↳ sleeping 17.7s
2026-06-12 06:12:38,791 [INFO] [370/510] candidate_id=221 — Ravikumar. D
2026-06-12 06:12:40,290 [INFO]   ✓ RAVIKUMAR. D | Viduthalai Chiruthaigal Katchi | cases=0 | assets=₹9787136
2026-06-12 06:12:40,290 [INFO]   ↳ sleeping 11.3s
2026-06-12 06:12:51,648 [INFO] [371/510] candidate_id=133 — Malaiyarasan D
2026-06-12 06:12:52,667 [INFO]   ✓ MALAIYARASAN D | DMK | cases=4 | assets=₹8716980
2026-06-12 06:12:52,667 [INFO]   ↳ sleeping 11.7s
2026-06-12 06:13:04,408 [INFO] [372/510] candidate_id=176 — Selvaganapathi T M
2026-06-12 06:13:06,014 [INFO]   ✓ SELVAGANAPATHI T M | DMK | cases=1 | assets=₹754021976
2026-06-12 06:13:06,014 [INFO]   ↳ sleeping 15.7s
2026-06-12 06:13:21,765 [INFO] [373/510] candidate_id=164 — Matheswaran V S
2026-06-12 06:13:23,544 [INFO]   ✓ MATHESWARAN V S | DMK | cases=3 | assets=₹47297973
2026-06-12 06:13:23,544 [INFO]   ↳ sleeping 13.1s
2026-06-12 06:13:36,681 [INFO] [374/510] candidate_id=127 — K E Prakash
2026-06-12 06:13:38,273 [INFO]   ✓ K E PRAKASH | DMK | cases=0 | assets=₹100426890
2026-06-12 06:13:38,273 [INFO]   ↳ sleeping 18.0s
2026-06-12 06:13:56,311 [INFO] [375/510] candidate_id=204 — K Subbarayan
2026-06-12 06:13:57,914 [INFO]   ✓ K SUBBARAYAN | CPI | cases=1 | assets=₹10431271
2026-06-12 06:13:57,914 [INFO]   ↳ sleeping 16.6s
2026-06-12 06:14:14,477 [INFO] [376/510] candidate_id=1167 — Raja A
2026-06-12 06:14:15,955 [INFO]   ✓ RAJA A | DMK | cases=7 | assets=₹69362170
2026-06-12 06:14:15,955 [INFO]   ↳ sleeping 14.7s
2026-06-12 06:14:30,695 [INFO] [377/510] candidate_id=1352 — Ganapathy Rajkumar P
2026-06-12 06:14:32,317 [INFO]   ✓ GANAPATHY RAJKUMAR P | DMK | cases=1 | assets=₹890397608
2026-06-12 06:14:32,317 [INFO]   ↳ sleeping 10.9s
2026-06-12 06:29:44,647 [INFO] [378/510] candidate_id=174 — Eswarasamy K
2026-06-12 06:29:46,466 [INFO]   ✓ ESWARASAMY K | DMK | cases=1 | assets=₹345276957
2026-06-12 06:29:46,466 [INFO]   ↳ sleeping 11.8s
2026-06-12 06:29:58,268 [INFO] [379/510] candidate_id=834 — Sachithanantham R
2026-06-12 06:29:59,363 [INFO]   ✓ SACHITHANANTHAM R | CPI(M) | cases=9 | assets=₹2597479
2026-06-12 06:29:59,363 [INFO]   ↳ sleeping 14.6s
2026-06-12 06:30:13,949 [INFO] [380/510] candidate_id=1264 — Jothimani. S
2026-06-12 06:30:15,559 [INFO]   ✓ JOTHIMANI. S | INC | cases=1 | assets=₹15352373
2026-06-12 06:30:15,559 [INFO]   ↳ sleeping 19.7s
2026-06-12 06:45:34,691 [INFO] [381/510] candidate_id=196 — Durai Vaiko
2026-06-12 06:45:36,428 [INFO]   ✓ DURAI VAIKO | Marumalarchi Dravida Munnetra Kazhagam | cases=0 | assets=₹359084317
2026-06-12 06:45:36,428 [INFO]   ↳ sleeping 17.7s
2026-06-12 06:45:54,149 [INFO] [382/510] candidate_id=16 — Arun Nehru
2026-06-12 06:45:56,648 [INFO]   ✓ ARUN NEHRU | DMK | cases=0 | assets=₹816197502
2026-06-12 06:45:56,648 [INFO]   ↳ sleeping 16.7s
2026-06-12 06:46:13,337 [INFO] [383/510] candidate_id=554 — M.K. Vishnuprasad
2026-06-12 07:03:32,339 [WARNING]   Attempt 1/3 failed for https://www.myneta.info/LokSabha2024/candidate.php?candidate_id=554: HTTPSConnectionPool(host='www.myneta.info', port=443): Read timed out.
2026-06-12 07:04:02,972 [INFO]   ✓ M.K. VISHNUPRASAD | INC | cases=1 | assets=₹251978580
2026-06-12 07:04:02,973 [INFO]   ↳ sleeping 16.5s
2026-06-12 07:04:19,491 [INFO] [384/510] candidate_id=816 — Thirumaavalavan Thol
2026-06-12 07:04:20,462 [INFO]   ✓ THIRUMAAVALAVAN THOL | Viduthalai Chiruthaigal Katchi | cases=7 | assets=₹24455903
2026-06-12 07:04:20,463 [INFO]   ↳ sleeping 10.4s
2026-06-12 07:04:30,868 [INFO] [385/510] candidate_id=1575 — Sudha R
2026-06-12 07:04:31,817 [INFO]   ✓ SUDHA R | INC | cases=10 | assets=₹3862830
2026-06-12 07:04:31,817 [INFO]   ↳ sleeping 11.7s
2026-06-12 07:04:43,522 [INFO] [386/510] candidate_id=161 — Selvaraj V
2026-06-12 07:04:44,541 [INFO]   ✓ SELVARAJ V | CPI | cases=1 | assets=₹11062368
2026-06-12 07:04:44,541 [INFO]   ↳ sleeping 12.2s
2026-06-12 07:04:56,707 [INFO] [387/510] candidate_id=1451 — Murasoli S
2026-06-12 07:04:57,727 [INFO]   ✓ MURASOLI S | DMK | cases=6 | assets=₹20734393
2026-06-12 07:04:57,727 [INFO]   ↳ sleeping 18.7s
2026-06-12 07:05:16,392 [INFO] [388/510] candidate_id=181 — Karti P Chidambaram
2026-06-12 07:05:17,321 [INFO]   ✓ KARTI P CHIDAMBARAM | INC | cases=11 | assets=₹962744048
2026-06-12 07:05:17,321 [INFO]   ↳ sleeping 16.5s
2026-06-12 07:05:33,793 [INFO] [389/510] candidate_id=1568 — Venkatesan S
2026-06-12 07:05:34,729 [INFO]   ✓ VENKATESAN S | CPI(M) | cases=3 | assets=₹20536639
2026-06-12 07:05:34,729 [INFO]   ↳ sleeping 19.1s
2026-06-12 07:05:53,847 [INFO] [390/510] candidate_id=1225 — Thanga Tamilselvan
2026-06-12 07:05:54,847 [INFO]   ✓ THANGA TAMILSELVAN | DMK | cases=17 | assets=₹49850594
2026-06-12 07:05:54,847 [INFO]   ↳ sleeping 16.7s
2026-06-12 07:06:11,536 [INFO] [391/510] candidate_id=230 — Manickam Tagore B
2026-06-12 07:06:12,463 [INFO]   ✓ MANICKAM TAGORE B | INC | cases=1 | assets=₹61719802
2026-06-12 07:06:12,463 [INFO]   ↳ sleeping 16.6s
2026-06-12 07:06:29,034 [INFO] [392/510] candidate_id=234 — K Navaskani
2026-06-12 07:06:30,215 [INFO]   ✓ K NAVASKANI | Indian Union Muslim League | cases=1 | assets=₹761430420
2026-06-12 07:06:30,215 [INFO]   ↳ sleeping 19.1s
2026-06-12 07:06:49,298 [INFO] [393/510] candidate_id=566 — Kanimozhi Karunanidhi
2026-06-12 07:06:50,332 [INFO]   ✓ KANIMOZHI KARUNANIDHI | DMK | cases=2 | assets=₹604056590
2026-06-12 07:06:50,332 [INFO]   ↳ sleeping 13.2s
2026-06-12 07:07:03,556 [INFO] [394/510] candidate_id=1440 — Dr Rani Sri Kumar
2026-06-12 07:07:04,476 [INFO]   ✓ DR RANI SRI KUMAR | DMK | cases=0 | assets=₹21375000
2026-06-12 07:07:04,476 [INFO]   ↳ sleeping 12.8s
2026-06-12 07:07:17,297 [INFO] [395/510] candidate_id=1480 — Robert Bruce C
2026-06-12 07:07:18,224 [INFO]   ✓ ROBERT BRUCE C | INC | cases=1 | assets=₹92662888
2026-06-12 07:07:18,224 [INFO]   ↳ sleeping 16.1s
2026-06-12 07:07:34,335 [INFO] [396/510] candidate_id=940 — Vijayakumar Alias Vijay Vasanth
2026-06-12 07:07:35,962 [INFO]   ✓ VIJAYAKUMAR ALIAS VIJAY VASANTH | INC | cases=8 | assets=₹642730752
2026-06-12 07:07:35,962 [INFO]   ↳ sleeping 15.8s
2026-06-12 07:07:51,768 [INFO] [397/510] candidate_id=5395 — Godam Nagesh
2026-06-12 07:07:54,395 [INFO]   ✓ GODAM NAGESH | BJP | cases=1 | assets=₹30916833
2026-06-12 07:07:54,395 [INFO]   ↳ sleeping 11.8s
2026-06-12 07:08:06,234 [INFO] [398/510] candidate_id=5248 — Vamsi Krishna Gaddam
2026-06-12 07:08:07,907 [INFO]   ✓ VAMSI KRISHNA GADDAM | INC | cases=0 | assets=₹240976163
2026-06-12 07:08:07,907 [INFO]   ↳ sleeping 13.2s
2026-06-12 07:08:21,138 [INFO] [399/510] candidate_id=5230 — Bandi Sanjay Kumar
2026-06-12 07:08:22,760 [INFO]   ✓ BANDI SANJAY KUMAR | BJP | cases=42 | assets=₹11275000
2026-06-12 07:08:22,760 [INFO]   ↳ sleeping 12.1s
2026-06-12 07:08:34,895 [INFO] [400/510] candidate_id=5246 — Arvind Dharmapuri
2026-06-12 07:08:35,925 [INFO]   ✓ ARVIND DHARMAPURI | BJP | cases=22 | assets=₹1099020273
2026-06-12 07:08:35,925 [INFO]   ↳ sleeping 17.7s
2026-06-12 07:08:53,628 [INFO] [401/510] candidate_id=5254 — Suresh Kumar Shetkar
2026-06-12 07:08:55,111 [INFO]   ✓ SURESH KUMAR SHETKAR | INC | cases=1 | assets=₹107711726
2026-06-12 07:08:55,111 [INFO]   ↳ sleeping 13.8s
2026-06-12 07:09:08,951 [INFO] [402/510] candidate_id=5239 — Madhavaneni Raghunandan Rao
2026-06-12 07:09:10,589 [INFO]   ✓ MADHAVANENI RAGHUNANDAN RAO | BJP | cases=29 | assets=₹220907289
2026-06-12 07:09:10,589 [INFO]   ↳ sleeping 13.9s
2026-06-12 07:09:24,549 [INFO] [403/510] candidate_id=5238 — Eatala Rajender
2026-06-12 07:09:26,278 [INFO]   ✓ EATALA RAJENDER | BJP | cases=45 | assets=₹540178712
2026-06-12 07:09:26,278 [INFO]   ↳ sleeping 16.0s
2026-06-12 07:09:42,279 [INFO] [404/510] candidate_id=5251 — G. Kishan Reddy
2026-06-12 07:09:43,817 [INFO]   ✓ G. KISHAN REDDY | BJP | cases=0 | assets=₹192241721
2026-06-12 07:09:43,817 [INFO]   ↳ sleeping 14.0s
2026-06-12 07:09:57,812 [INFO] [405/510] candidate_id=5228 — Asaduddin Owaisi
2026-06-12 07:09:59,294 [INFO]   ✓ ASADUDDIN OWAISI | All India Majlis-E-Ittehadul Muslimeen | cases=5 | assets=₹238766044
2026-06-12 07:09:59,294 [INFO]   ↳ sleeping 10.3s
2026-06-12 07:10:09,637 [INFO] [406/510] candidate_id=5226 — Konda Vishweshwar Reddy
2026-06-12 07:10:12,885 [INFO]   ✓ KONDA VISHWESHWAR REDDY | BJP | cases=4 | assets=₹45682222094
2026-06-12 07:10:12,885 [INFO]   ↳ sleeping 18.5s
2026-06-12 07:10:31,443 [INFO] [407/510] candidate_id=5236 — Aruna. D. K
2026-06-12 07:10:33,260 [INFO]   ✓ ARUNA. D. K | BJP | cases=6 | assets=₹667569871
2026-06-12 07:10:33,260 [INFO]   ↳ sleeping 10.8s
2026-06-12 07:10:44,036 [INFO] [408/510] candidate_id=5241 — Dr.Mallu Ravi
2026-06-12 07:10:44,980 [INFO]   ✓ DR.MALLU RAVI | INC | cases=6 | assets=₹523215816
2026-06-12 07:10:44,980 [INFO]   ↳ sleeping 10.6s
2026-06-12 07:10:55,614 [INFO] [409/510] candidate_id=5294 — Kunduru Raghuveer
2026-06-12 07:10:57,198 [INFO]   ✓ KUNDURU RAGHUVEER | INC | cases=2 | assets=₹355731499
2026-06-12 07:10:57,198 [INFO]   ↳ sleeping 16.1s
2026-06-12 07:11:13,319 [INFO] [410/510] candidate_id=5299 — Chamala Kiran Kumar Reddy
2026-06-12 07:11:14,863 [INFO]   ✓ CHAMALA KIRAN KUMAR REDDY | INC | cases=3 | assets=₹287211468
2026-06-12 07:11:14,863 [INFO]   ↳ sleeping 14.8s
2026-06-12 07:11:29,700 [INFO] [411/510] candidate_id=5252 — Kadiyam Kavya
2026-06-12 07:11:31,181 [INFO]   ✓ KADIYAM KAVYA | INC | cases=0 | assets=₹15501028
2026-06-12 07:11:31,182 [INFO]   ↳ sleeping 13.1s
2026-06-12 07:11:44,300 [INFO] [412/510] candidate_id=5297 — Balram Naik Porika
2026-06-12 07:11:45,317 [INFO]   ✓ BALRAM NAIK PORIKA | INC | cases=6 | assets=₹29919101
2026-06-12 07:11:45,317 [INFO]   ↳ sleeping 15.7s
2026-06-12 07:12:01,034 [INFO] [413/510] candidate_id=5716 — Ramasahayam Raghuram Reddy
2026-06-12 07:12:02,523 [INFO]   ✓ RAMASAHAYAM RAGHURAM REDDY | INC | cases=1 | assets=₹582770537
2026-06-12 07:12:02,523 [INFO]   ↳ sleeping 17.9s
2026-06-12 07:12:20,425 [INFO] [414/510] candidate_id=1156 — Biplab Kumar Deb
2026-06-12 07:12:22,024 [INFO]   ✓ BIPLAB KUMAR DEB | BJP | cases=0 | assets=₹49923347
2026-06-12 07:12:22,024 [INFO]   ↳ sleeping 14.6s
2026-06-12 07:12:36,644 [INFO] [415/510] candidate_id=1765 — Kriti Devi Debbarman
2026-06-12 07:12:38,144 [INFO]   ✓ KRITI DEVI DEBBARMAN | BJP | cases=0 | assets=₹859232932
2026-06-12 07:12:38,144 [INFO]   ↳ sleeping 12.8s
2026-06-12 07:12:50,955 [INFO] [416/510] candidate_id=283 — Mala Rajya Lakshmi Shah
2026-06-12 07:12:52,513 [INFO]   ✓ MALA RAJYA LAKSHMI SHAH | BJP | cases=0 | assets=₹2068739424
2026-06-12 07:12:52,513 [INFO]   ↳ sleeping 17.6s
2026-06-12 07:13:10,108 [INFO] [417/510] candidate_id=273 — Anil Baluni
2026-06-12 07:13:11,628 [INFO]   ✓ ANIL BALUNI | BJP | cases=0 | assets=₹37798791
2026-06-12 07:13:11,628 [INFO]   ↳ sleeping 10.6s
2026-06-12 07:13:22,222 [INFO] [418/510] candidate_id=20 — Ajay Tamta
2026-06-12 07:13:23,177 [INFO]   ✓ AJAY TAMTA | BJP | cases=0 | assets=₹12381663
2026-06-12 07:13:23,177 [INFO]   ↳ sleeping 18.6s
2026-06-12 07:13:41,825 [INFO] [419/510] candidate_id=997 — Ajay Bhatt
2026-06-12 07:13:43,343 [INFO]   ✓ AJAY BHATT | BJP | cases=0 | assets=₹48714988
2026-06-12 07:13:43,343 [INFO]   ↳ sleeping 18.7s
2026-06-12 07:14:02,067 [INFO] [420/510] candidate_id=277 — Trivendra Singh Rawat
2026-06-12 07:14:03,534 [INFO]   ✓ TRIVENDRA SINGH RAWAT | BJP | cases=0 | assets=₹67552039
2026-06-12 07:14:03,534 [INFO]   ↳ sleeping 17.7s
2026-06-12 07:14:21,254 [INFO] [421/510] candidate_id=298 — Imran Masood
2026-06-12 07:14:22,832 [INFO]   ✓ IMRAN MASOOD | INC | cases=8 | assets=₹55502166
2026-06-12 07:14:22,832 [INFO]   ↳ sleeping 11.3s
2026-06-12 07:14:34,147 [INFO] [422/510] candidate_id=289 — Iqra Choudhary
2026-06-12 07:14:35,661 [INFO]   ✓ IQRA CHOUDHARY | SP | cases=0 | assets=₹6874858
2026-06-12 07:14:35,662 [INFO]   ↳ sleeping 10.1s
2026-06-12 07:14:45,744 [INFO] [423/510] candidate_id=286 — Harendra Singh Malik
2026-06-12 07:14:46,713 [INFO]   ✓ HARENDRA SINGH MALIK | SP | cases=1 | assets=₹90780765
2026-06-12 07:14:46,713 [INFO]   ↳ sleeping 18.6s
2026-06-12 07:15:05,302 [INFO] [424/510] candidate_id=869 — Chandan Chauhan
2026-06-12 07:15:06,804 [INFO]   ✓ CHANDAN CHAUHAN | Rashtriya Lok Dal | cases=3 | assets=₹78426582
2026-06-12 07:15:06,804 [INFO]   ↳ sleeping 12.7s
2026-06-12 07:15:19,539 [INFO] [425/510] candidate_id=39 — Chandrashekhar
2026-06-12 07:15:20,473 [INFO]   ✓ CHANDRASHEKHAR | Aazad Samaj Party (Kanshi Ram) | cases=36 | assets=₹3986581
2026-06-12 07:15:20,473 [INFO]   ↳ sleeping 19.9s
2026-06-12 07:15:40,431 [INFO] [426/510] candidate_id=877 — Ruchi Vira
2026-06-12 07:15:41,913 [INFO]   ✓ RUCHI VIRA | SP | cases=0 | assets=₹280588320
2026-06-12 07:15:41,913 [INFO]   ↳ sleeping 10.6s
2026-06-12 07:15:52,495 [INFO] [427/510] candidate_id=902 — Mohibbullah
2026-06-12 07:15:53,529 [INFO]   ✓ MOHIBBULLAH | SP | cases=3 | assets=₹4505342
2026-06-12 07:15:53,529 [INFO]   ↳ sleeping 19.2s
2026-06-12 07:16:12,694 [INFO] [428/510] candidate_id=899 — Jitin Prasada
2026-06-12 07:16:14,255 [INFO]   ✓ JITIN PRASADA | BJP | cases=0 | assets=₹298925408
2026-06-12 07:16:14,255 [INFO]   ↳ sleeping 17.1s
2026-06-12 07:16:31,400 [INFO] [429/510] candidate_id=1807 — Kanwar Singh Tanwar
2026-06-12 07:16:32,947 [INFO]   ✓ KANWAR SINGH TANWAR | BJP | cases=1 | assets=₹2147933326
2026-06-12 07:16:32,947 [INFO]   ↳ sleeping 14.5s
2026-06-12 07:16:47,408 [INFO] [430/510] candidate_id=1923 — Arun Govil
2026-06-12 07:16:48,991 [INFO]   ✓ ARUN GOVIL | BJP | cases=0 | assets=₹144400261
2026-06-12 07:16:48,991 [INFO]   ↳ sleeping 10.0s
2026-06-12 07:16:59,018 [INFO] [431/510] candidate_id=1808 — Dr Rajkumar Sangwan
2026-06-12 07:16:59,955 [INFO]   ✓ DR RAJKUMAR SANGWAN | Rashtriya Lok Dal | cases=3 | assets=₹4799426
2026-06-12 07:16:59,955 [INFO]   ↳ sleeping 19.6s
2026-06-12 07:17:19,535 [INFO] [432/510] candidate_id=2518 — Atul Garg
2026-06-12 07:17:21,024 [INFO]   ✓ ATUL GARG | BJP | cases=0 | assets=₹269782311
2026-06-12 07:17:21,024 [INFO]   ↳ sleeping 17.8s
2026-06-12 07:17:38,812 [INFO] [433/510] candidate_id=2512 — Dr. Mahesh Sharma
2026-06-12 07:17:40,304 [INFO]   ✓ DR. MAHESH SHARMA | BJP | cases=0 | assets=₹838209103
2026-06-12 07:17:40,305 [INFO]   ↳ sleeping 13.8s
2026-06-12 07:17:54,118 [INFO] [434/510] candidate_id=2502 — Dr Bhola Singh
2026-06-12 07:17:55,639 [INFO]   ✓ DR BHOLA SINGH | BJP | cases=1 | assets=₹36017232
2026-06-12 07:17:55,639 [INFO]   ↳ sleeping 11.1s
2026-06-12 07:18:06,733 [INFO] [435/510] candidate_id=1806 — Satish Kumar Gautam
2026-06-12 07:18:08,291 [INFO]   ✓ SATISH KUMAR GAUTAM | BJP | cases=0 | assets=₹160624125
2026-06-12 07:18:08,291 [INFO]   ↳ sleeping 18.6s
2026-06-12 07:18:26,914 [INFO] [436/510] candidate_id=2797 — Hemamalini Dharmendra Deol
2026-06-12 07:18:28,462 [INFO]   ✓ HEMAMALINI DHARMENDRA DEOL | BJP | cases=0 | assets=₹2789368227
2026-06-12 07:18:28,462 [INFO]   ↳ sleeping 18.6s
2026-06-12 07:18:47,109 [INFO] [437/510] candidate_id=4084 — Zia Ur Rehman
2026-06-12 07:18:48,646 [INFO]   ✓ ZIA UR REHMAN | SP | cases=6 | assets=₹18967476
2026-06-12 07:18:48,646 [INFO]   ↳ sleeping 12.0s
2026-06-12 07:19:00,646 [INFO] [438/510] candidate_id=3697 — Anoop Pradhan Balmiki
2026-06-12 07:19:02,119 [INFO]   ✓ ANOOP PRADHAN BALMIKI | BJP | cases=1 | assets=₹41363952
2026-06-12 07:19:02,119 [INFO]   ↳ sleeping 11.8s
2026-06-12 07:19:13,889 [INFO] [439/510] candidate_id=3493 — Prof S P Singh Baghel
2026-06-12 07:19:14,853 [INFO]   ✓ PROF S P SINGH BAGHEL | BJP | cases=0 | assets=₹104358691
2026-06-12 07:19:14,853 [INFO]   ↳ sleeping 16.0s
2026-06-12 07:19:30,828 [INFO] [440/510] candidate_id=4223 — Rajkumar Chahar
2026-06-12 07:19:32,366 [INFO]   ✓ RAJKUMAR CHAHAR | BJP | cases=2 | assets=₹34176612
2026-06-12 07:19:32,366 [INFO]   ↳ sleeping 18.4s
2026-06-12 07:19:50,800 [INFO] [441/510] candidate_id=3481 — Akshaya Yadav
2026-06-12 07:19:52,330 [INFO]   ✓ AKSHAYA YADAV | SP | cases=3 | assets=₹1364348650
2026-06-12 07:19:52,330 [INFO]   ↳ sleeping 18.7s
2026-06-12 07:20:11,019 [INFO] [442/510] candidate_id=3607 — Dimple Yadav
2026-06-12 07:20:12,556 [INFO]   ✓ DIMPLE YADAV | SP | cases=0 | assets=₹420262015
2026-06-12 07:20:12,556 [INFO]   ↳ sleeping 12.9s
2026-06-12 07:20:25,460 [INFO] [443/510] candidate_id=3703 — Devesh Shakya
2026-06-12 07:20:29,914 [INFO]   ✓ DEVESH SHAKYA | SP | cases=1 | assets=₹34061340
2026-06-12 07:20:29,914 [INFO]   ↳ sleeping 16.9s
2026-06-12 07:20:46,785 [INFO] [444/510] candidate_id=3490 — Aditya Yadav
2026-06-12 07:20:48,335 [INFO]   ✓ ADITYA YADAV | SP | cases=0 | assets=₹146267852
2026-06-12 07:20:48,335 [INFO]   ↳ sleeping 10.4s
2026-06-12 07:20:58,775 [INFO] [445/510] candidate_id=3586 — Neeraj Maurya
2026-06-12 07:20:59,747 [INFO]   ✓ NEERAJ MAURYA | SP | cases=0 | assets=₹117839772
2026-06-12 07:20:59,747 [INFO]   ↳ sleeping 10.8s
2026-06-12 07:21:10,598 [INFO] [446/510] candidate_id=3486 — Chhatra Pal Singh Gangwar
2026-06-12 07:21:12,111 [INFO]   ✓ CHHATRA PAL SINGH GANGWAR | BJP | cases=2 | assets=₹48788862
2026-06-12 07:21:12,111 [INFO]   ↳ sleeping 15.9s
2026-06-12 07:21:27,985 [INFO] [447/510] candidate_id=5206 — Arun Kumar Sagar
2026-06-12 07:21:29,532 [INFO]   ✓ ARUN KUMAR SAGAR | BJP | cases=0 | assets=₹58317453
2026-06-12 07:21:29,532 [INFO]   ↳ sleeping 14.6s
2026-06-12 07:21:44,156 [INFO] [448/510] candidate_id=5211 — Utkarsh Verma (Madhur)
2026-06-12 07:21:45,647 [INFO]   ✓ UTKARSH VERMA (MADHUR) | SP | cases=0 | assets=₹48296178
2026-06-12 07:21:45,647 [INFO]   ↳ sleeping 14.2s
2026-06-12 07:21:59,892 [INFO] [449/510] candidate_id=5215 — Anand Bhadauriya
2026-06-12 07:22:01,411 [INFO]   ✓ ANAND BHADAURIYA | SP | cases=4 | assets=₹99723807
2026-06-12 07:22:01,411 [INFO]   ↳ sleeping 15.8s
2026-06-12 07:22:17,268 [INFO] [450/510] candidate_id=5381 — Rakesh Rathor
2026-06-12 07:22:18,812 [INFO]   ✓ RAKESH RATHOR | INC | cases=1 | assets=₹42107005
2026-06-12 07:22:18,812 [INFO]   ↳ sleeping 10.6s
2026-06-12 07:22:29,444 [INFO] [451/510] candidate_id=5076 — Jai Prakash
2026-06-12 07:22:30,463 [INFO]   ✓ JAI PRAKASH | BJP | cases=0 | assets=₹303974608
2026-06-12 07:22:30,463 [INFO]   ↳ sleeping 11.0s
2026-06-12 07:22:41,454 [INFO] [452/510] candidate_id=5077 — Ashok Kumar Rawat
2026-06-12 07:22:42,944 [INFO]   ✓ ASHOK KUMAR RAWAT | BJP | cases=0 | assets=₹129670318
2026-06-12 07:22:42,944 [INFO]   ↳ sleeping 14.6s
2026-06-12 07:22:57,571 [INFO] [453/510] candidate_id=5376 — Swami Sachchidanand Hari Sakshi
2026-06-12 07:22:59,074 [INFO]   ✓ SWAMI SACHCHIDANAND HARI SAKSHI | BJP | cases=2 | assets=₹67226281
2026-06-12 07:22:59,074 [INFO]   ↳ sleeping 14.0s
2026-06-12 07:23:13,051 [INFO] [454/510] candidate_id=5214 — Mukesh Rajput
2026-06-12 07:23:14,556 [INFO]   ✓ MUKESH RAJPUT | BJP | cases=0 | assets=₹93680840
2026-06-12 07:23:14,556 [INFO]   ↳ sleeping 17.1s
2026-06-12 07:23:31,631 [INFO] [455/510] candidate_id=5079 — Jitendra Kumar Dohare
2026-06-12 07:23:33,181 [INFO]   ✓ JITENDRA KUMAR DOHARE | SP | cases=0 | assets=₹62250170
2026-06-12 07:23:33,181 [INFO]   ↳ sleeping 13.7s
2026-06-12 07:23:46,892 [INFO] [456/510] candidate_id=6236 — Akhilesh Yadav
2026-06-12 07:23:48,506 [INFO]   ✓ AKHILESH YADAV | SP | cases=3 | assets=₹420262015
2026-06-12 07:23:48,506 [INFO]   ↳ sleeping 12.9s
2026-06-12 07:24:01,434 [INFO] [457/510] candidate_id=5080 — Ramesh Awasthi
2026-06-12 07:24:03,039 [INFO]   ✓ RAMESH AWASTHI | BJP | cases=0 | assets=₹52936608
2026-06-12 07:24:03,039 [INFO]   ↳ sleeping 10.2s
2026-06-12 07:24:13,219 [INFO] [458/510] candidate_id=5083 — Devendra Singh Alias Bhole Singh
2026-06-12 07:24:14,137 [INFO]   ✓ DEVENDRA SINGH ALIAS BHOLE SINGH | BJP | cases=13 | assets=₹47828524
2026-06-12 07:24:14,138 [INFO]   ↳ sleeping 15.3s
2026-06-12 07:24:29,488 [INFO] [459/510] candidate_id=5217 — Anand Kumar
2026-06-12 07:24:30,971 [INFO]   ✓ ANAND KUMAR | BJP | cases=0 | assets=₹92623979
2026-06-12 07:24:30,971 [INFO]   ↳ sleeping 18.8s
2026-06-12 07:24:49,752 [INFO] [460/510] candidate_id=7161 — R.K. Chaudhary
2026-06-12 07:24:51,336 [INFO]   ✓ R.K. CHAUDHARY | SP | cases=2 | assets=₹28384459
2026-06-12 07:24:51,336 [INFO]   ↳ sleeping 10.7s
2026-06-12 07:25:02,021 [INFO] [461/510] candidate_id=7169 — Raj Nath Singh
2026-06-12 07:25:03,503 [INFO]   ✓ RAJ NATH SINGH | BJP | cases=0 | assets=₹73684617
2026-06-12 07:25:03,503 [INFO]   ↳ sleeping 19.5s
2026-06-12 07:25:23,040 [INFO] [462/510] candidate_id=7651 — Rahul Gandhi
2026-06-12 07:25:24,583 [INFO]   ✓ RAHUL GANDHI | INC | cases=18 | assets=₹203961862
2026-06-12 07:25:24,583 [INFO]   ↳ sleeping 15.5s
2026-06-12 07:25:40,064 [INFO] [463/510] candidate_id=7521 — Kishori Lal
2026-06-12 07:25:41,609 [INFO]   ✓ KISHORI LAL | INC | cases=0 | assets=₹127688722
2026-06-12 07:25:41,609 [INFO]   ↳ sleeping 16.3s
2026-06-12 07:25:57,918 [INFO] [464/510] candidate_id=7173 — Narayan Das Ahirwar
2026-06-12 07:25:59,401 [INFO]   ✓ NARAYAN DAS AHIRWAR | SP | cases=0 | assets=₹73603801
2026-06-12 07:25:59,401 [INFO]   ↳ sleeping 17.0s
2026-06-12 07:26:16,444 [INFO] [465/510] candidate_id=7176 — Anurag Sharma
2026-06-12 07:26:18,308 [INFO]   ✓ ANURAG SHARMA | BJP | cases=0 | assets=₹2120765800
2026-06-12 07:26:18,308 [INFO]   ↳ sleeping 12.4s
2026-06-12 07:26:30,725 [INFO] [466/510] candidate_id=7179 — Ajendra Singh Lodhi
2026-06-12 07:26:32,258 [INFO]   ✓ AJENDRA SINGH LODHI | SP | cases=0 | assets=₹50237175
2026-06-12 07:26:32,258 [INFO]   ↳ sleeping 16.8s
2026-06-12 07:26:49,047 [INFO] [467/510] candidate_id=7448 — Krishna Devi Shivshanker Patel
2026-06-12 07:26:50,596 [INFO]   ✓ KRISHNA DEVI SHIVSHANKER PATEL | SP | cases=0 | assets=₹36285237
2026-06-12 07:26:50,596 [INFO]   ↳ sleeping 17.1s
2026-06-12 07:27:07,711 [INFO] [468/510] candidate_id=7595 — Naresh Chandra Uttam Patel
2026-06-12 07:27:09,272 [INFO]   ✓ NARESH CHANDRA UTTAM PATEL | SP | cases=0 | assets=₹49348208
2026-06-12 07:27:09,272 [INFO]   ↳ sleeping 12.5s
2026-06-12 07:27:21,791 [INFO] [469/510] candidate_id=7611 — Pushpendra Saroj
2026-06-12 07:27:23,261 [INFO]   ✓ PUSHPENDRA SAROJ | SP | cases=0 | assets=₹15231655
2026-06-12 07:27:23,261 [INFO]   ↳ sleeping 18.9s
2026-06-12 07:27:42,131 [INFO] [470/510] candidate_id=7187 — Tanuj Punia
2026-06-12 07:27:44,269 [INFO]   ✓ TANUJ PUNIA | INC | cases=1 | assets=₹27131091
2026-06-12 07:27:44,269 [INFO]   ↳ sleeping 15.8s
2026-06-12 07:28:00,128 [INFO] [471/510] candidate_id=7190 — Awadhesh Prasad
2026-06-12 07:28:01,644 [INFO]   ✓ AWADHESH PRASAD | SP | cases=1 | assets=₹52967071
2026-06-12 07:28:01,644 [INFO]   ↳ sleeping 14.2s
2026-06-12 07:28:15,839 [INFO] [472/510] candidate_id=7440 — Karan Bhushan Singh
2026-06-12 07:28:17,403 [INFO]   ✓ KARAN BHUSHAN SINGH | BJP | cases=0 | assets=₹495681640
2026-06-12 07:28:17,403 [INFO]   ↳ sleeping 12.1s
2026-06-12 07:28:29,494 [INFO] [473/510] candidate_id=7194 — Kirtivardhan Singh
2026-06-12 07:28:30,993 [INFO]   ✓ KIRTIVARDHAN SINGH | BJP | cases=3 | assets=₹370796430
2026-06-12 07:28:30,993 [INFO]   ↳ sleeping 10.0s
2026-06-12 07:28:41,039 [INFO] [474/510] candidate_id=8073 — Rambhual Nishad
2026-06-12 07:28:42,009 [INFO]   ✓ RAMBHUAL NISHAD | SP | cases=8 | assets=₹37405832
2026-06-12 07:28:42,009 [INFO]   ↳ sleeping 16.1s
2026-06-12 07:28:58,149 [INFO] [475/510] candidate_id=8331 — Shiv Pal Singh Patel (Dr. S P Singh)
2026-06-12 07:28:59,658 [INFO]   ✓ SHIV PAL SINGH PATEL (DR. S P SINGH) | SP | cases=0 | assets=₹466376372
2026-06-12 07:28:59,658 [INFO]   ↳ sleeping 12.7s
2026-06-12 07:29:12,380 [INFO] [476/510] candidate_id=8358 — Praveen Patel
2026-06-12 07:29:13,923 [INFO]   ✓ PRAVEEN PATEL | BJP | cases=0 | assets=₹649173761
2026-06-12 07:29:13,923 [INFO]   ↳ sleeping 18.1s
2026-06-12 07:29:32,015 [INFO] [477/510] candidate_id=8371 — Ujjwal Raman Singh
2026-06-12 07:29:33,553 [INFO]   ✓ UJJWAL RAMAN SINGH | INC | cases=0 | assets=₹268988675
2026-06-12 07:29:33,553 [INFO]   ↳ sleeping 16.2s
2026-06-12 07:29:49,810 [INFO] [478/510] candidate_id=8171 — Lalji Verma
2026-06-12 07:29:51,375 [INFO]   ✓ LALJI VERMA | SP | cases=2 | assets=₹110272584
2026-06-12 07:29:51,376 [INFO]   ↳ sleeping 14.0s
2026-06-12 07:30:05,354 [INFO] [479/510] candidate_id=8159 — Ram Shiromani Verma
2026-06-12 07:30:06,841 [INFO]   ✓ RAM SHIROMANI VERMA | SP | cases=0 | assets=₹73638343
2026-06-12 07:30:06,841 [INFO]   ↳ sleeping 14.7s
2026-06-12 07:30:21,592 [INFO] [480/510] candidate_id=8151 — Jagdambika Pal
2026-06-12 07:30:23,057 [INFO]   ✓ JAGDAMBIKA PAL | BJP | cases=1 | assets=₹193536623
2026-06-12 07:30:23,057 [INFO]   ↳ sleeping 13.8s
2026-06-12 07:30:36,875 [INFO] [481/510] candidate_id=8150 — Ram Prasad Chaudhary
2026-06-12 07:30:38,370 [INFO]   ✓ RAM PRASAD CHAUDHARY | SP | cases=4 | assets=₹98152477
2026-06-12 07:30:38,370 [INFO]   ↳ sleeping 15.5s
2026-06-12 07:30:53,842 [INFO] [482/510] candidate_id=8387 — Laxmikant Pappu Nishad
2026-06-12 07:30:55,357 [INFO]   ✓ LAXMIKANT PAPPU NISHAD | SP | cases=3 | assets=₹33728000
2026-06-12 07:30:55,357 [INFO]   ↳ sleeping 13.8s
2026-06-12 07:31:09,138 [INFO] [483/510] candidate_id=8140 — Daroga Prasad Saroj
2026-06-12 07:31:10,631 [INFO]   ✓ DAROGA PRASAD SAROJ | SP | cases=3 | assets=₹53876725
2026-06-12 07:31:10,631 [INFO]   ↳ sleeping 10.6s
2026-06-12 07:31:21,199 [INFO] [484/510] candidate_id=8128 — Dharmendra Yadav
2026-06-12 07:31:22,714 [INFO]   ✓ DHARMENDRA YADAV | SP | cases=4 | assets=₹135032793
2026-06-12 07:31:22,714 [INFO]   ↳ sleeping 14.4s
2026-06-12 07:31:37,077 [INFO] [485/510] candidate_id=8397 — Babu Singh Kushwaha
2026-06-12 07:31:38,691 [INFO]   ✓ BABU SINGH KUSHWAHA | SP | cases=25 | assets=₹200149000
2026-06-12 07:31:38,692 [INFO]   ↳ sleeping 15.4s
2026-06-12 07:31:54,108 [INFO] [486/510] candidate_id=8097 — Priya Saroj
2026-06-12 07:31:55,551 [INFO]   ✓ PRIYA SAROJ | SP | cases=2 | assets=₹1125719
2026-06-12 07:31:55,551 [INFO]   ↳ sleeping 16.3s
2026-06-12 07:32:11,883 [INFO] [487/510] candidate_id=8081 — Dr. Vinod Kumar Bind
2026-06-12 07:32:16,302 [INFO]   ✓ DR. VINOD KUMAR BIND | BJP | cases=0 | assets=₹105766111
2026-06-12 07:32:16,302 [INFO]   ↳ sleeping 19.9s
2026-06-12 07:32:36,179 [INFO] [488/510] candidate_id=8774 — Pankaj Chaudhary
2026-06-12 07:32:37,732 [INFO]   ✓ PANKAJ CHAUDHARY | BJP | cases=0 | assets=₹419010509
2026-06-12 07:32:37,732 [INFO]   ↳ sleeping 11.0s
2026-06-12 07:32:48,716 [INFO] [489/510] candidate_id=8791 — Ravindra Shukla Alias Ravi Kishan
2026-06-12 07:32:50,466 [INFO]   ✓ RAVINDRA SHUKLA ALIAS RAVI KISHAN | BJP | cases=0 | assets=₹433235340
2026-06-12 07:32:50,466 [INFO]   ↳ sleeping 11.8s
2026-06-12 07:33:02,234 [INFO] [490/510] candidate_id=9114 — Vijay Kumar Dubay
2026-06-12 07:33:03,767 [INFO]   ✓ VIJAY KUMAR DUBAY | BJP | cases=2 | assets=₹60174786
2026-06-12 07:33:03,767 [INFO]   ↳ sleeping 12.1s
2026-06-12 07:33:15,849 [INFO] [491/510] candidate_id=9465 — Shashank Mani
2026-06-12 07:33:17,371 [INFO]   ✓ SHASHANK MANI | BJP | cases=0 | assets=₹255540212
2026-06-12 07:33:17,371 [INFO]   ↳ sleeping 12.9s
2026-06-12 07:33:30,301 [INFO] [492/510] candidate_id=8799 — Kamlesh Paswan
2026-06-12 07:33:31,895 [INFO]   ✓ KAMLESH PASWAN | BJP | cases=9 | assets=₹361830259
2026-06-12 07:33:31,895 [INFO]   ↳ sleeping 11.3s
2026-06-12 07:33:43,242 [INFO] [493/510] candidate_id=9348 — Rajeev Rai
2026-06-12 07:33:44,827 [INFO]   ✓ RAJEEV RAI | SP | cases=1 | assets=₹494188267
2026-06-12 07:33:44,828 [INFO]   ↳ sleeping 18.6s
2026-06-12 07:34:03,470 [INFO] [494/510] candidate_id=9455 — Ramashankar Rajbhar
2026-06-12 07:34:05,003 [INFO]   ✓ RAMASHANKAR RAJBHAR | SP | cases=0 | assets=₹76085514
2026-06-12 07:34:05,003 [INFO]   ↳ sleeping 15.0s
2026-06-12 07:34:19,982 [INFO] [495/510] candidate_id=9447 — Sanatan Pandey
2026-06-12 07:34:21,491 [INFO]   ✓ SANATAN PANDEY | SP | cases=2 | assets=₹24950786
2026-06-12 07:34:21,491 [INFO]   ↳ sleeping 18.3s
2026-06-12 07:34:39,846 [INFO] [496/510] candidate_id=9428 — Afzal Ansari
2026-06-12 07:34:41,397 [INFO]   ✓ AFZAL ANSARI | SP | cases=5 | assets=₹207682224
2026-06-12 07:34:41,397 [INFO]   ↳ sleeping 17.0s
2026-06-12 07:34:58,410 [INFO] [497/510] candidate_id=8803 — Birendra Singh
2026-06-12 07:34:59,935 [INFO]   ✓ BIRENDRA SINGH | SP | cases=3 | assets=₹188017648
2026-06-12 07:34:59,935 [INFO]   ↳ sleeping 13.0s
2026-06-12 07:35:12,930 [INFO] [498/510] candidate_id=8974 — Narendra Modi
2026-06-12 07:35:14,451 [INFO]   ✓ NARENDRA MODI | BJP | cases=0 | assets=₹30206889
2026-06-12 07:35:14,451 [INFO]   ↳ sleeping 18.3s
2026-06-12 07:35:32,789 [INFO] [499/510] candidate_id=9380 — Anupriya Patel
2026-06-12 07:35:34,282 [INFO]   ✓ ANUPRIYA PATEL | Apna Dal (Soneylal) | cases=2 | assets=₹42241754
2026-06-12 07:35:34,282 [INFO]   ↳ sleeping 17.2s
2026-06-12 07:35:51,511 [INFO] [500/510] candidate_id=9098 — Chhotelal
2026-06-12 07:35:53,033 [INFO]   ✓ CHHOTELAL | SP | cases=0 | assets=₹19997783
2026-06-12 07:35:53,033 [INFO]   ↳ sleeping 14.9s
2026-06-12 07:36:07,954 [INFO] [501/510] candidate_id=957 — Jagadish Chandra Barma Basunia
2026-06-12 07:36:09,431 [INFO]   ✓ JAGADISH CHANDRA BARMA BASUNIA | AITC | cases=1 | assets=₹26907638
2026-06-12 07:36:09,431 [INFO]   ↳ sleeping 10.8s
2026-06-12 07:36:20,227 [INFO] [502/510] candidate_id=13 — Manoj Tigga
2026-06-12 07:36:21,723 [INFO]   ✓ MANOJ TIGGA | BJP | cases=6 | assets=₹5751023
2026-06-12 07:36:21,723 [INFO]   ↳ sleeping 18.6s
2026-06-12 07:36:40,317 [INFO] [503/510] candidate_id=970 — Dr Jayanta Kumar Roy
2026-06-12 07:36:41,819 [INFO]   ✓ DR JAYANTA KUMAR ROY | BJP | cases=0 | assets=₹19356558
2026-06-12 07:36:41,819 [INFO]   ↳ sleeping 18.0s
2026-06-12 07:36:59,793 [INFO] [504/510] candidate_id=2218 — Raju Bista
2026-06-12 07:37:01,322 [INFO]   ✓ RAJU BISTA | BJP | cases=2 | assets=₹475357268
2026-06-12 07:37:01,322 [INFO]   ↳ sleeping 12.2s
2026-06-12 07:37:13,525 [INFO] [505/510] candidate_id=1801 — Kartick Chandra Paul
2026-06-12 07:37:15,309 [INFO]   ✓ KARTICK CHANDRA PAUL | BJP | cases=0 | assets=₹50832860
2026-06-12 07:37:15,309 [INFO]   ↳ sleeping 19.6s
2026-06-12 07:37:34,902 [INFO] [506/510] candidate_id=2211 — Sukanta Majumdar
2026-06-12 07:37:36,435 [INFO]   ✓ SUKANTA MAJUMDAR | BJP | cases=16 | assets=₹12476825
2026-06-12 07:37:36,435 [INFO]   ↳ sleeping 18.4s
2026-06-12 07:37:54,838 [INFO] [507/510] candidate_id=3375 — Khagen Murmu
2026-06-12 07:37:56,388 [INFO]   ✓ KHAGEN MURMU | BJP | cases=7 | assets=₹13590846
2026-06-12 07:37:56,388 [INFO]   ↳ sleeping 11.3s
2026-06-12 07:38:07,666 [INFO] [508/510] candidate_id=3465 — Isha Khan Choudhury
2026-06-12 07:38:09,144 [INFO]   ✓ ISHA KHAN CHOUDHURY | INC | cases=0 | assets=₹14810368
2026-06-12 07:38:09,144 [INFO]   ↳ sleeping 11.7s
2026-06-12 07:38:20,884 [INFO] [509/510] candidate_id=3378 — Khalilur Rahaman
2026-06-12 07:38:22,452 [INFO]   ✓ KHALILUR RAHAMAN | AITC | cases=0 | assets=₹514346283
2026-06-12 07:38:22,452 [INFO]   ↳ sleeping 14.5s
2026-06-12 07:38:36,934 [INFO] [510/510] candidate_id=3377 — Abu Taher Khan
2026-06-12 07:38:38,487 [INFO]   ✓ ABU TAHER KHAN | AITC | cases=3 | assets=₹38476131
2026-06-12 07:38:38,487 [INFO]   ↳ sleeping 10.4s
2026-06-12 07:38:48,914 [INFO] Stage 2 complete. 510 MPs scraped.
2026-06-12 07:38:48,915 [INFO] Done.
2026-06-12 10:57:33,619 [INFO] Writing 510 MPs and 1198 cases to data/mps.db
2026-06-12 10:57:33,629 [INFO] DB write complete.
2026-06-12 10:57:33,629 [INFO] Done.
